,category
0,нет товара
1,одежда
2,текстиль
3,текстиль
4,одежда
5,одежда
6,одежда
7,одежда
8,одежда
9,нет товара
10,нет товара
11,одежда
12,нет товара
13,текстиль
14,текстиль
15,одежда
16,одежда
17,одежда
18,текстиль
19,одежда
20,нет товара
21,одежда
22,одежда
23,нет товара
24,одежда
25,одежда
26,текстиль
27,нет товара
28,одежда
29,текстиль
30,нет товара
31,одежда
32,текстиль
33,одежда
34,одежда
35,нет товара
36,нет товара
37,нет товара
38,одежда
39,нет товара
40,текстиль
41,нет товара
42,нет товара
43,одежда
44,текстиль
45,текстиль
46,одежда
47,текстиль
48,нет товара
49,одежда
50,нет товара
51,одежда
52,нет товара
53,одежда
54,нет товара
55,нет товара
56,одежда
57,одежда
58,нет товара
59,нет товара
60,текстиль
61,одежда
62,одежда
63,одежда
64,нет товара
65,нет товара
66,нет товара
67,нет товара
68,текстиль
69,одежда
70,нет товара
71,одежда
72,нет товара
73,нет товара
74,нет товара
75,одежда
76,нет товара
77,нет товара
78,текстиль
79,одежда
80,одежда
81,нет товара
82,одежда
83,нет товара
84,текстиль
85,текстиль
86,товары для детей
87,одежда
88,одежда
89,одежда
90,одежда
91,одежда
92,нет товара
93,одежда
94,одежда
95,одежда
96,одежда
97,текстиль
98,одежда
99,нет товара
100,нет товара
101,одежда
102,одежда
103,нет товара
104,нет товара
105,текстиль
106,нет товара
107,одежда
108,нет товара
109,одежда
110,одежда
111,одежда
112,одежда
113,одежда
114,одежда
115,нет товара
116,электроника
117,одежда
118,текстиль
119,нет товара
120,текстиль
121,одежда
122,нет товара
123,одежда
124,нет товара
125,нет товара
126,одежда
127,одежда
128,нет товара
129,одежда
130,одежда
131,одежда
132,одежда
133,одежда
134,нет товара
135,текстиль
136,нет товара
137,одежда
138,нет товара
139,нет товара
140,нет товара
141,одежда
142,нет товара
143,нет товара
144,нет товара
145,одежда
146,одежда
147,текстиль
148,товары для детей
149,одежда
150,нет товара
151,одежда
152,нет товара
153,одежда
154,нет товара
155,одежда
156,одежда
157,текстиль
158,одежда
159,текстиль
160,одежда
161,нет товара
162,нет товара
163,одежда
164,нет товара
165,одежда
166,нет товара
167,одежда
168,нет товара
169,текстиль
170,нет товара
171,одежда
172,нет товара
173,одежда
174,одежда
175,нет товара
176,одежда
177,одежда
178,нет товара
179,нет товара
180,одежда
181,нет товара
182,нет товара
183,нет товара
184,нет товара
185,одежда
186,текстиль
187,одежда
188,нет товара
189,нет товара
190,текстиль
191,нет товара
192,текстиль
193,одежда
194,нет товара
195,одежда
196,нет товара
197,нет товара
198,одежда
199,обувь
200,нет товара
201,одежда
202,одежда
203,нет товара
204,одежда
205,одежда
206,обувь
207,одежда
208,нет товара
209,текстиль
210,одежда
211,текстиль
212,одежда
213,одежда
214,одежда
215,нет товара
216,одежда
217,одежда
218,нет товара
219,одежда
220,одежда
221,нет товара
222,одежда
223,нет товара
224,нет товара
225,посуда
226,нет товара
227,одежда
228,нет товара
229,нет товара
230,нет товара
231,текстиль
232,одежда
233,нет товара
234,текстиль
235,нет товара
236,одежда
237,нет товара
238,одежда
239,текстиль
240,одежда
241,текстиль
242,одежда
243,одежда
244,одежда
245,одежда
246,одежда
247,одежда
248,нет товара
249,одежда
250,нет товара
251,нет товара
252,одежда
253,одежда
254,одежда
255,одежда
256,одежда
257,одежда
258,одежда
259,одежда
260,нет товара
261,текстиль
262,нет товара
263,текстиль
264,одежда
265,одежда
266,одежда
267,нет товара
268,одежда
269,одежда
270,нет товара
271,нет товара
272,одежда
273,нет товара
274,текстиль
275,нет товара
276,одежда
277,одежда
278,одежда
279,одежда
280,нет товара
281,одежда
282,одежда
283,одежда
284,одежда
285,одежда
286,текстиль
287,нет товара
288,одежда
289,нет товара
290,одежда
291,одежда
292,одежда
293,нет товара
294,одежда
295,одежда
296,текстиль
297,нет товара
298,нет товара
299,одежда
300,одежда
301,одежда
302,текстиль
303,одежда
304,нет товара
305,одежда
306,нет товара
307,одежда
308,одежда
309,одежда
310,одежда
311,нет товара
312,текстиль
313,одежда
314,нет товара
315,одежда
316,одежда
317,нет товара
318,одежда
319,нет товара
320,текстиль
321,нет товара
322,одежда
323,одежда
324,нет товара
325,одежда
326,нет товара
327,одежда
328,нет товара
329,текстиль
330,нет товара
331,одежда
332,нет товара
333,нет товара
334,нет товара
335,текстиль
336,нет товара
337,текстиль
338,одежда
339,одежда
340,одежда
341,нет товара
342,текстиль
343,одежда
344,текстиль
345,нет товара
346,текстиль
347,нет товара
348,нет товара
349,нет товара
350,одежда
351,одежда
352,одежда
353,одежда
354,одежда
355,текстиль
356,текстиль
357,одежда
358,одежда
359,нет товара
360,нет товара
361,нет товара
362,одежда
363,текстиль
364,нет товара
365,одежда
366,нет товара
367,нет товара
368,одежда
369,одежда
370,нет товара
371,одежда
372,одежда
373,одежда
374,одежда
375,текстиль
376,одежда
377,нет товара
378,нет товара
379,одежда
380,одежда
381,текстиль
382,одежда
383,одежда
384,нет товара
385,одежда
386,текстиль
387,текстиль
388,одежда
389,нет товара
390,одежда
391,нет товара
392,одежда
393,товары для детей
394,одежда
395,нет товара
396,одежда
397,одежда
398,текстиль
399,нет товара
400,нет товара
401,одежда
402,нет товара
403,нет товара
404,одежда
405,одежда
406,одежда
407,одежда
408,нет товара
409,нет товара
410,одежда
411,одежда
412,одежда
413,одежда
414,текстиль
415,нет товара
416,текстиль
417,одежда
418,одежда
419,одежда
420,текстиль
421,одежда
422,нет товара
423,нет товара
424,одежда
425,текстиль
426,нет товара
427,текстиль
428,одежда
429,нет товара
430,текстиль
431,одежда
432,одежда
433,текстиль
434,одежда
435,нет товара
436,одежда
437,одежда
438,одежда
439,одежда
440,текстиль
441,одежда
442,одежда
443,нет товара
444,одежда
445,нет товара
446,текстиль
447,одежда
448,одежда
449,нет товара
450,нет товара
451,текстиль
452,текстиль
453,одежда
454,одежда
455,одежда
456,одежда
457,одежда
458,текстиль
459,одежда
460,одежда
461,одежда
462,одежда
463,одежда
464,одежда
465,текстиль
466,обувь
467,одежда
468,нет товара
469,одежда
470,одежда
471,одежда
472,текстиль
473,одежда
474,нет товара
475,нет товара
476,нет товара
477,нет товара
478,текстиль
479,одежда
480,нет товара
481,одежда
482,одежда
483,одежда
484,нет товара
485,текстиль
486,нет товара
487,одежда
488,одежда
489,текстиль
490,одежда
491,нет товара
492,текстиль
493,нет товара
494,одежда
495,одежда
496,одежда
497,одежда
498,текстиль
499,нет товара
500,одежда
501,нет товара
502,нет товара
503,нет товара
504,одежда
505,нет товара
506,нет товара
507,одежда
508,нет товара
509,одежда
510,нет товара
511,нет товара
512,текстиль
513,одежда
514,текстиль
515,одежда
516,нет товара
517,одежда
518,нет товара
519,одежда
520,текстиль
521,текстиль
522,одежда
523,нет товара
524,одежда
525,одежда
526,нет товара
527,нет товара
528,нет товара
529,одежда
530,нет товара
531,одежда
532,нет товара
533,нет товара
534,нет товара
535,одежда
536,одежда
537,одежда
538,одежда
539,нет товара
540,нет товара
541,нет товара
542,одежда
543,нет товара
544,текстиль
545,одежда
546,одежда
547,нет товара
548,одежда
549,одежда
550,нет товара
551,одежда
552,одежда
553,одежда
554,текстиль
555,текстиль
556,обувь
557,текстиль
558,текстиль
559,одежда
560,одежда
561,текстиль
562,текстиль
563,одежда
564,нет товара
565,одежда
566,одежда
567,нет товара
568,нет товара
569,текстиль
570,одежда
571,одежда
572,одежда
573,текстиль
574,текстиль
575,одежда
576,одежда
577,одежда
578,нет товара
579,нет товара
580,нет товара
581,нет товара
582,нет товара
583,нет товара
584,нет товара
585,нет товара
586,одежда
587,одежда
588,нет товара
589,одежда
590,одежда
591,нет товара
592,нет товара
593,одежда
594,текстиль
595,одежда
596,нет товара
597,нет товара
598,одежда
599,одежда
600,одежда
601,одежда
602,товары для детей
603,текстиль
604,нет товара
605,нет товара
606,нет товара
607,нет товара
608,нет товара
609,текстиль
610,нет товара
611,одежда
612,нет товара
613,одежда
614,одежда
615,одежда
616,одежда
617,текстиль
618,одежда
619,нет товара
620,одежда
621,одежда
622,одежда
623,одежда
624,одежда
625,одежда
626,одежда
627,одежда
628,текстиль
629,обувь
630,нет товара
631,текстиль
632,одежда
633,нет товара
634,одежда
635,нет товара
636,одежда
637,одежда
638,одежда
639,товары для детей
640,одежда
641,нет товара
642,одежда
643,текстиль
644,текстиль
645,одежда
646,нет товара
647,нет товара
648,текстиль
649,одежда
650,нет товара
651,нет товара
652,нет товара
653,нет товара
654,электроника
655,нет товара
656,нет товара
657,нет товара
658,товары для детей
659,одежда
660,одежда
661,нет товара
662,нет товара
663,текстиль
664,одежда
665,нет товара
666,одежда
667,одежда
668,текстиль
669,одежда
670,одежда
671,одежда
672,одежда
673,нет товара
674,посуда
675,одежда
676,нет товара
677,одежда
678,одежда
679,одежда
680,одежда
681,одежда
682,одежда
683,одежда
684,одежда
685,текстиль
686,одежда
687,одежда
688,одежда
689,нет товара
690,нет товара
691,одежда
692,одежда
693,одежда
694,нет товара
695,нет товара
696,одежда
697,одежда
698,нет товара
699,одежда
700,текстиль
701,одежда
702,одежда
703,текстиль
704,нет товара
705,нет товара
706,одежда
707,одежда
708,одежда
709,текстиль
710,нет товара
711,одежда
712,нет товара
713,одежда
714,текстиль
715,одежда
716,одежда
717,одежда
718,нет товара
719,текстиль
720,текстиль
721,одежда
722,одежда
723,одежда
724,нет товара
725,текстиль
726,одежда
727,одежда
728,одежда
729,нет товара
730,нет товара
731,текстиль
732,одежда
733,нет товара
734,одежда
735,товары для детей
736,нет товара
737,нет товара
738,нет товара
739,одежда
740,текстиль
741,одежда
742,текстиль
743,нет товара
744,нет товара
745,одежда
746,одежда
747,текстиль
748,текстиль
749,одежда
750,нет товара
751,одежда
752,одежда
753,нет товара
754,одежда
755,нет товара
756,нет товара
757,текстиль
758,нет товара
759,нет товара
760,одежда
761,текстиль
762,одежда
763,текстиль
764,текстиль
765,нет товара
766,нет товара
767,одежда
768,одежда
769,одежда
770,одежда
771,нет товара
772,одежда
773,нет товара
774,нет товара
775,одежда
776,одежда
777,одежда
778,одежда
779,одежда
780,нет товара
781,нет товара
782,одежда
783,нет товара
784,нет товара
785,нет товара
786,одежда
787,нет товара
788,одежда
789,нет товара
790,текстиль
791,одежда
792,нет товара
793,одежда
794,одежда
795,одежда
796,нет товара
797,обувь
798,нет товара
799,электроника
800,одежда
801,нет товара
802,текстиль
803,текстиль
804,одежда
805,нет товара
806,нет товара
807,нет товара
808,одежда
809,нет товара
810,одежда
811,нет товара
812,одежда
813,нет товара
814,одежда
815,одежда
816,нет товара
817,одежда
818,одежда
819,нет товара
820,одежда
821,текстиль
822,одежда
823,нет товара
824,нет товара
825,одежда
826,одежда
827,одежда
828,нет товара
829,одежда
830,текстиль
831,одежда
832,нет товара
833,товары для детей
834,одежда
835,одежда
836,одежда
837,одежда
838,текстиль
839,одежда
840,нет товара
841,одежда
842,одежда
843,одежда
844,нет товара
845,одежда
846,одежда
847,одежда
848,нет товара
849,одежда
850,одежда
851,одежда
852,нет товара
853,одежда
854,одежда
855,нет товара
856,текстиль
857,нет товара
858,нет товара
859,нет товара
860,нет товара
861,текстиль
862,нет товара
863,одежда
864,одежда
865,одежда
866,текстиль
867,нет товара
868,одежда
869,нет товара
870,нет товара
871,текстиль
872,текстиль
873,нет товара
874,нет товара
875,одежда
876,одежда
877,текстиль
878,одежда
879,текстиль
880,одежда
881,одежда
882,нет товара
883,текстиль
884,текстиль
885,одежда
886,нет товара
887,одежда
888,одежда
889,нет товара
890,одежда
891,одежда
892,одежда
893,нет товара
894,одежда
895,одежда
896,нет товара
897,текстиль
898,нет товара
899,одежда
900,посуда
901,текстиль
902,нет товара
903,нет товара
904,нет товара
905,одежда
906,текстиль
907,одежда
908,нет товара
909,нет товара
910,одежда
911,нет товара
912,нет товара
913,текстиль
914,одежда
915,одежда
916,нет товара
917,одежда
918,нет товара
919,нет товара
920,одежда
921,одежда
922,текстиль
923,нет товара
924,текстиль
925,посуда
926,нет товара
927,текстиль
928,нет товара
929,нет товара
930,одежда
931,нет товара
932,одежда
933,нет товара
934,нет товара
935,нет товара
936,одежда
937,нет товара
938,нет товара
939,одежда
940,текстиль
941,нет товара
942,одежда
943,нет товара
944,одежда
945,текстиль
946,одежда
947,одежда
948,одежда
949,нет товара
950,нет товара
951,нет товара
952,одежда
953,посуда
954,одежда
955,одежда
956,одежда
957,нет товара
958,одежда
959,обувь
960,нет товара
961,нет товара
962,текстиль
963,текстиль
964,текстиль
965,текстиль
966,нет товара
967,текстиль
968,одежда
969,нет товара
970,одежда
971,одежда
972,нет товара
973,нет товара
974,текстиль
975,одежда
976,нет товара
977,одежда
978,нет товара
979,обувь
980,нет товара
981,нет товара
982,нет товара
983,одежда
984,одежда
985,одежда
986,одежда
987,нет товара
988,нет товара
989,одежда
990,нет товара
991,одежда
992,нет товара
993,нет товара
994,текстиль
995,одежда
996,нет товара
997,нет товара
998,одежда
999,нет товара
1000,одежда
1001,нет товара
1002,нет товара
1003,нет товара
1004,одежда
1005,нет товара
1006,текстиль
1007,текстиль
1008,текстиль
1009,одежда
1010,одежда
1011,текстиль
1012,текстиль
1013,нет товара
1014,одежда
1015,одежда
1016,текстиль
1017,нет товара
1018,одежда
1019,нет товара
1020,нет товара
1021,нет товара
1022,нет товара
1023,нет товара
1024,одежда
1025,одежда
1026,одежда
1027,одежда
1028,нет товара
1029,нет товара
1030,текстиль
1031,нет товара
1032,нет товара
1033,одежда
1034,одежда
1035,нет товара
1036,одежда
1037,нет товара
1038,одежда
1039,нет товара
1040,текстиль
1041,нет товара
1042,нет товара
1043,одежда
1044,одежда
1045,одежда
1046,одежда
1047,текстиль
1048,нет товара
1049,нет товара
1050,одежда
1051,одежда
1052,одежда
1053,обувь
1054,одежда
1055,нет товара
1056,одежда
1057,одежда
1058,нет товара
1059,одежда
1060,одежда
1061,нет товара
1062,одежда
1063,нет товара
1064,нет товара
1065,нет товара
1066,одежда
1067,нет товара
1068,нет товара
1069,одежда
1070,текстиль
1071,одежда
1072,одежда
1073,одежда
1074,одежда
1075,нет товара
1076,одежда
1077,нет товара
1078,одежда
1079,одежда
1080,одежда
1081,одежда
1082,одежда
1083,нет товара
1084,украшения и аксессуары
1085,текстиль
1086,одежда
1087,текстиль
1088,текстиль
1089,нет товара
1090,одежда
1091,одежда
1092,нет товара
1093,текстиль
1094,текстиль
1095,одежда
1096,нет товара
1097,одежда
1098,одежда
1099,текстиль
1100,нет товара
1101,текстиль
1102,текстиль
1103,текстиль
1104,нет товара
1105,одежда
1106,текстиль
1107,текстиль
1108,текстиль
1109,одежда
1110,одежда
1111,нет товара
1112,одежда
1113,одежда
1114,нет товара
1115,одежда
1116,текстиль
1117,текстиль
1118,одежда
1119,одежда
1120,одежда
1121,одежда
1122,нет товара
1123,нет товара
1124,нет товара
1125,одежда
1126,одежда
1127,нет товара
1128,одежда
1129,текстиль
1130,нет товара
1131,одежда
1132,одежда
1133,нет товара
1134,текстиль
1135,нет товара
1136,одежда
1137,одежда
1138,текстиль
1139,одежда
1140,одежда
1141,нет товара
1142,текстиль
1143,текстиль
1144,одежда
1145,одежда
1146,одежда
1147,нет товара
1148,одежда
1149,одежда
1150,текстиль
1151,текстиль
1152,нет товара
1153,нет товара
1154,одежда
1155,нет товара
1156,одежда
1157,одежда
1158,нет товара
1159,одежда
1160,одежда
1161,нет товара
1162,одежда
1163,одежда
1164,нет товара
1165,текстиль
1166,текстиль
1167,текстиль
1168,нет товара
1169,нет товара
1170,текстиль
1171,нет товара
1172,текстиль
1173,одежда
1174,одежда
1175,текстиль
1176,нет товара
1177,одежда
1178,нет товара
1179,посуда
1180,нет товара
1181,нет товара
1182,одежда
1183,текстиль
1184,текстиль
1185,нет товара
1186,нет товара
1187,одежда
1188,нет товара
1189,нет товара
1190,текстиль
1191,нет товара
1192,одежда
1193,посуда
1194,нет товара
1195,одежда
1196,нет товара
1197,одежда
1198,текстиль
1199,текстиль
1200,одежда
1201,нет товара
1202,одежда
1203,нет товара
1204,текстиль
1205,одежда
1206,одежда
1207,нет товара
1208,одежда
1209,нет товара
1210,одежда
1211,одежда
1212,одежда
1213,нет товара
1214,одежда
1215,одежда
1216,нет товара
1217,нет товара
1218,текстиль
1219,нет товара
1220,одежда
1221,текстиль
1222,одежда
1223,нет товара
1224,нет товара
1225,одежда
1226,одежда
1227,одежда
1228,одежда
1229,текстиль
1230,одежда
1231,нет товара
1232,одежда
1233,текстиль
1234,одежда
1235,одежда
1236,посуда
1237,нет товара
1238,текстиль
1239,текстиль
1240,одежда
1241,одежда
1242,одежда
1243,текстиль
1244,нет товара
1245,одежда
1246,нет товара
1247,нет товара
1248,нет товара
1249,текстиль
1250,нет товара
1251,нет товара
1252,текстиль
1253,одежда
1254,текстиль
1255,одежда
1256,нет товара
1257,нет товара
1258,текстиль
1259,текстиль
1260,одежда
1261,одежда
1262,нет товара
1263,нет товара
1264,одежда
1265,одежда
1266,текстиль
1267,текстиль
1268,одежда
1269,одежда
1270,одежда
1271,нет товара
1272,одежда
1273,одежда
1274,нет товара
1275,текстиль
1276,нет товара
1277,нет товара
1278,одежда
1279,одежда
1280,нет товара
1281,нет товара
1282,нет товара
1283,нет товара
1284,нет товара
1285,нет товара
1286,нет товара
1287,одежда
1288,одежда
1289,нет товара
1290,нет товара
1291,текстиль
1292,украшения и аксессуары
1293,нет товара
1294,нет товара
1295,текстиль
1296,нет товара
1297,нет товара
1298,нет товара
1299,одежда
1300,нет товара
1301,нет товара
1302,одежда
1303,одежда
1304,одежда
1305,нет товара
1306,нет товара
1307,одежда
1308,нет товара
1309,одежда
1310,нет товара
1311,одежда
1312,одежда
1313,нет товара
1314,текстиль
1315,одежда
1316,одежда
1317,одежда
1318,одежда
1319,нет товара
1320,нет товара
1321,нет товара
1322,нет товара
1323,одежда
1324,нет товара
1325,нет товара
1326,одежда
1327,одежда
1328,одежда
1329,текстиль
1330,нет товара
1331,текстиль
1332,одежда
1333,одежда
1334,нет товара
1335,одежда
1336,нет товара
1337,одежда
1338,одежда
1339,нет товара
1340,одежда
1341,одежда
1342,одежда
1343,одежда
1344,одежда
1345,текстиль
1346,одежда
1347,нет товара
1348,одежда
1349,нет товара
1350,одежда
1351,одежда
1352,одежда
1353,текстиль
1354,одежда
1355,одежда
1356,одежда
1357,нет товара
1358,текстиль
1359,текстиль
1360,одежда
1361,нет товара
1362,одежда
1363,товары для детей
1364,одежда
1365,текстиль
1366,нет товара
1367,одежда
1368,нет товара
1369,текстиль
1370,нет товара
1371,нет товара
1372,электроника
1373,нет товара
1374,текстиль
1375,одежда
1376,обувь
1377,одежда
1378,нет товара
1379,нет товара
1380,нет товара
1381,нет товара
1382,текстиль
1383,текстиль
1384,одежда
1385,одежда
1386,текстиль
1387,текстиль
1388,нет товара
1389,одежда
1390,нет товара
1391,нет товара
1392,нет товара
1393,одежда
1394,одежда
1395,текстиль
1396,текстиль
1397,одежда
1398,одежда
1399,одежда
1400,нет товара
1401,одежда
1402,нет товара
1403,одежда
1404,одежда
1405,нет товара
1406,нет товара
1407,одежда
1408,текстиль
1409,одежда
1410,одежда
1411,одежда
1412,нет товара
1413,нет товара
1414,текстиль
1415,текстиль
1416,нет товара
1417,одежда
1418,нет товара
1419,одежда
1420,нет товара
1421,товары для детей
1422,текстиль
1423,одежда
1424,одежда
1425,одежда
1426,текстиль
1427,текстиль
1428,одежда
1429,одежда
1430,электроника
1431,одежда
1432,текстиль
1433,текстиль
1434,одежда
1435,нет товара
1436,нет товара
1437,нет товара
1438,нет товара
1439,обувь
1440,одежда
1441,нет товара
1442,одежда
1443,нет товара
1444,нет товара
1445,нет товара
1446,нет товара
1447,одежда
1448,нет товара
1449,нет товара
1450,нет товара
1451,нет товара
1452,одежда
1453,текстиль
1454,нет товара
1455,текстиль
1456,одежда
1457,нет товара
1458,текстиль
1459,нет товара
1460,одежда
1461,текстиль
1462,текстиль
1463,нет товара
1464,одежда
1465,одежда
1466,одежда
1467,нет товара
1468,текстиль
1469,одежда
1470,посуда
1471,текстиль
1472,текстиль
1473,нет товара
1474,текстиль
1475,одежда
1476,одежда
1477,одежда
1478,украшения и аксессуары
1479,нет товара
1480,текстиль
1481,нет товара
1482,нет товара
1483,одежда
1484,текстиль
1485,одежда
1486,нет товара
1487,нет товара
1488,одежда
1489,одежда
1490,одежда
1491,одежда
1492,одежда
1493,нет товара
1494,нет товара
1495,нет товара
1496,одежда
1497,нет товара
1498,одежда
1499,одежда
1500,одежда
1501,одежда
1502,посуда
1503,одежда
1504,одежда
1505,одежда
1506,нет товара
1507,нет товара
1508,одежда
1509,одежда
1510,одежда
1511,текстиль
1512,нет товара
1513,одежда
1514,нет товара
1515,одежда
1516,одежда
1517,одежда
1518,одежда
1519,одежда
1520,текстиль
1521,одежда
1522,нет товара
1523,нет товара
1524,одежда
1525,одежда
1526,нет товара
1527,нет товара
1528,одежда
1529,нет товара
1530,одежда
1531,нет товара
1532,нет товара
1533,нет товара
1534,одежда
1535,одежда
1536,одежда
1537,одежда
1538,одежда
1539,одежда
1540,нет товара
1541,одежда
1542,нет товара
1543,одежда
1544,текстиль
1545,нет товара
1546,одежда
1547,текстиль
1548,нет товара
1549,текстиль
1550,одежда
1551,одежда
1552,одежда
1553,посуда
1554,одежда
1555,одежда
1556,одежда
1557,одежда
1558,одежда
1559,нет товара
1560,нет товара
1561,нет товара
1562,нет товара
1563,нет товара
1564,одежда
1565,текстиль
1566,текстиль
1567,одежда
1568,одежда
1569,одежда
1570,нет товара
1571,одежда
1572,нет товара
1573,нет товара
1574,одежда
1575,одежда
1576,одежда
1577,нет товара
1578,текстиль
1579,одежда
1580,нет товара
1581,одежда
1582,нет товара
1583,нет товара
1584,текстиль
1585,нет товара
1586,нет товара
1587,нет товара
1588,нет товара
1589,текстиль
1590,одежда
1591,нет товара
1592,одежда
1593,нет товара
1594,нет товара
1595,нет товара
1596,одежда
1597,текстиль
1598,нет товара
1599,одежда
1600,нет товара
1601,текстиль
1602,нет товара
1603,одежда
1604,нет товара
1605,текстиль
1606,одежда
1607,текстиль
1608,одежда
1609,одежда
1610,одежда
1611,одежда
1612,нет товара
1613,нет товара
1614,нет товара
1615,нет товара
1616,одежда
1617,нет товара
1618,текстиль
1619,одежда
1620,одежда
1621,текстиль
1622,текстиль
1623,одежда
1624,одежда
1625,нет товара
1626,текстиль
1627,одежда
1628,одежда
1629,посуда
1630,текстиль
1631,одежда
1632,одежда
1633,одежда
1634,текстиль
1635,одежда
1636,одежда
1637,одежда
1638,текстиль
1639,текстиль
1640,одежда
1641,одежда
1642,текстиль
1643,нет товара
1644,одежда
1645,одежда
1646,текстиль
1647,текстиль
1648,одежда
1649,нет товара
1650,одежда
1651,текстиль
1652,одежда
1653,нет товара
1654,текстиль
1655,нет товара
1656,одежда
1657,одежда
1658,нет товара
1659,одежда
1660,нет товара
1661,текстиль
1662,одежда
1663,одежда
1664,нет товара
1665,электроника
1666,одежда
1667,одежда
1668,текстиль
1669,текстиль
1670,текстиль
1671,одежда
1672,одежда
1673,нет товара
1674,нет товара
1675,нет товара
1676,нет товара
1677,одежда
1678,текстиль
1679,одежда
1680,одежда
1681,одежда
1682,нет товара
1683,нет товара
1684,нет товара
1685,одежда
1686,нет товара
1687,одежда
1688,текстиль
1689,нет товара
1690,текстиль
1691,текстиль
1692,нет товара
1693,одежда
1694,нет товара
1695,одежда
1696,текстиль
1697,одежда
1698,нет товара
1699,нет товара
1700,одежда
1701,текстиль
1702,нет товара
1703,нет товара
1704,одежда
1705,нет товара
1706,одежда
1707,нет товара
1708,текстиль
1709,одежда
1710,одежда
1711,нет товара
1712,одежда
1713,нет товара
1714,одежда
1715,нет товара
1716,одежда
1717,посуда
1718,нет товара
1719,одежда
1720,нет товара
1721,нет товара
1722,одежда
1723,одежда
1724,нет товара
1725,нет товара
1726,текстиль
1727,одежда
1728,одежда
1729,одежда
1730,нет товара
1731,нет товара
1732,одежда
1733,текстиль
1734,текстиль
1735,одежда
1736,одежда
1737,одежда
1738,одежда
1739,одежда
1740,текстиль
1741,текстиль
1742,текстиль
1743,товары для детей
1744,нет товара
1745,одежда
1746,нет товара
1747,одежда
1748,одежда
1749,нет товара
1750,одежда
1751,одежда
1752,нет товара
1753,одежда
1754,нет товара
1755,нет товара
1756,нет товара
1757,текстиль
1758,нет товара
1759,текстиль
1760,одежда
1761,одежда
1762,одежда
1763,одежда
1764,нет товара
1765,одежда
1766,одежда
1767,одежда
1768,одежда
1769,одежда
1770,одежда
1771,нет товара
1772,одежда
1773,нет товара
1774,одежда
1775,текстиль
1776,одежда
1777,текстиль
1778,текстиль
1779,одежда
1780,обувь
1781,одежда
1782,нет товара
1783,электроника
1784,нет товара
1785,нет товара
1786,одежда
1787,нет товара
1788,нет товара
1789,одежда
1790,нет товара
1791,одежда
1792,одежда
1793,текстиль
1794,нет товара
1795,одежда
1796,нет товара
1797,одежда
1798,одежда
1799,одежда
1800,одежда
1801,нет товара
1802,нет товара
1803,одежда
1804,нет товара
1805,нет товара
1806,одежда
1807,нет товара
1808,текстиль
1809,одежда
1810,одежда
1811,нет товара
1812,посуда
1813,текстиль
1814,одежда
1815,нет товара
1816,нет товара
1817,одежда
1818,одежда
1819,одежда
1820,нет товара
1821,одежда
1822,одежда
1823,текстиль
1824,нет товара
1825,товары для детей
1826,текстиль
1827,текстиль
1828,одежда
1829,нет товара
1830,одежда
1831,нет товара
1832,одежда
1833,текстиль
1834,текстиль
1835,одежда
1836,нет товара
1837,нет товара
1838,текстиль
1839,нет товара
1840,нет товара
1841,одежда
1842,нет товара
1843,текстиль
1844,нет товара
1845,одежда
1846,нет товара
1847,одежда
1848,нет товара
1849,нет товара
1850,текстиль
1851,нет товара
1852,текстиль
1853,текстиль
1854,нет товара
1855,нет товара
1856,нет товара
1857,нет товара
1858,текстиль
1859,одежда
1860,нет товара
1861,нет товара
1862,одежда
1863,нет товара
1864,нет товара
1865,посуда
1866,одежда
1867,одежда
1868,нет товара
1869,текстиль
1870,одежда
1871,текстиль
1872,одежда
1873,товары для детей
1874,одежда
1875,одежда
1876,одежда
1877,одежда
1878,нет товара
1879,нет товара
1880,нет товара
1881,нет товара
1882,одежда
1883,одежда
1884,нет товара
1885,одежда
1886,нет товара
1887,одежда
1888,текстиль
1889,одежда
1890,одежда
1891,нет товара
1892,посуда
1893,нет товара
1894,одежда
1895,одежда
1896,одежда
1897,одежда
1898,одежда
1899,нет товара
1900,одежда
1901,одежда
1902,нет товара
1903,одежда
1904,обувь
1905,нет товара
1906,текстиль
1907,одежда
1908,одежда
1909,текстиль
1910,одежда
1911,одежда
1912,одежда
1913,текстиль
1914,нет товара
1915,одежда
1916,одежда
1917,нет товара
1918,нет товара
1919,текстиль
1920,текстиль
1921,одежда
1922,нет товара
1923,одежда
1924,одежда
1925,одежда
1926,одежда
1927,текстиль
1928,одежда
1929,нет товара
1930,нет товара
1931,одежда
1932,одежда
1933,одежда
1934,текстиль
1935,одежда
1936,одежда
1937,нет товара
1938,одежда
1939,одежда
1940,нет товара
1941,одежда
1942,текстиль
1943,нет товара
1944,нет товара
1945,одежда
1946,одежда
1947,одежда
1948,нет товара
1949,текстиль
1950,одежда
1951,одежда
1952,одежда
1953,нет товара
1954,нет товара
1955,текстиль
1956,одежда
1957,одежда
1958,текстиль
1959,посуда
1960,одежда
1961,нет товара
1962,нет товара
1963,одежда
1964,текстиль
1965,текстиль
1966,текстиль
1967,нет товара
1968,одежда
1969,одежда
1970,нет товара
1971,одежда
1972,текстиль
1973,нет товара
1974,одежда
1975,одежда
1976,одежда
1977,одежда
1978,одежда
1979,нет товара
1980,одежда
1981,одежда
1982,одежда
1983,одежда
1984,одежда
1985,текстиль
1986,нет товара
1987,одежда
1988,обувь
1989,одежда
1990,одежда
1991,одежда
1992,одежда
1993,одежда
1994,нет товара
1995,текстиль
1996,одежда
1997,одежда
1998,нет товара
1999,текстиль
2000,нет товара
2001,одежда
2002,посуда
2003,одежда
2004,одежда
2005,нет товара
2006,одежда
2007,одежда
2008,нет товара
2009,нет товара
2010,одежда
2011,нет товара
2012,текстиль
2013,нет товара
2014,текстиль
2015,текстиль
2016,одежда
2017,нет товара
2018,текстиль
2019,одежда
2020,нет товара
2021,нет товара
2022,нет товара
2023,нет товара
2024,нет товара
2025,текстиль
2026,одежда
2027,одежда
2028,нет товара
2029,текстиль
2030,нет товара
2031,одежда
2032,текстиль
2033,одежда
2034,одежда
2035,текстиль
2036,нет товара
2037,нет товара
2038,одежда
2039,одежда
2040,текстиль
2041,одежда
2042,одежда
2043,нет товара
2044,одежда
2045,одежда
2046,одежда
2047,нет товара
2048,текстиль
2049,одежда
2050,нет товара
2051,нет товара
2052,одежда
2053,одежда
2054,одежда
2055,текстиль
2056,текстиль
2057,одежда
2058,текстиль
2059,нет товара
2060,нет товара
2061,текстиль
2062,нет товара
2063,нет товара
2064,текстиль
2065,нет товара
2066,нет товара
2067,одежда
2068,одежда
2069,одежда
2070,текстиль
2071,текстиль
2072,нет товара
2073,нет товара
2074,нет товара
2075,одежда
2076,текстиль
2077,одежда
2078,нет товара
2079,текстиль
2080,нет товара
2081,нет товара
2082,одежда
2083,одежда
2084,текстиль
2085,одежда
2086,одежда
2087,нет товара
2088,одежда
2089,одежда
2090,нет товара
2091,текстиль
2092,нет товара
2093,одежда
2094,текстиль
2095,одежда
2096,одежда
2097,текстиль
2098,одежда
2099,одежда
2100,текстиль
2101,нет товара
2102,одежда
2103,нет товара
2104,нет товара
2105,одежда
2106,одежда
2107,одежда
2108,текстиль
2109,одежда
2110,нет товара
2111,нет товара
2112,нет товара
2113,одежда
2114,текстиль
2115,нет товара
2116,нет товара
2117,нет товара
2118,посуда
2119,нет товара
2120,нет товара
2121,текстиль
2122,текстиль
2123,одежда
2124,посуда
2125,нет товара
2126,текстиль
2127,нет товара
2128,одежда
2129,одежда
2130,текстиль
2131,текстиль
2132,одежда
2133,нет товара
2134,одежда
2135,нет товара
2136,одежда
2137,одежда
2138,одежда
2139,одежда
2140,нет товара
2141,нет товара
2142,нет товара
2143,нет товара
2144,текстиль
2145,текстиль
2146,нет товара
2147,нет товара
2148,нет товара
2149,нет товара
2150,нет товара
2151,одежда
2152,одежда
2153,текстиль
2154,одежда
2155,нет товара
2156,одежда
2157,товары для детей
2158,одежда
2159,одежда
2160,одежда
2161,одежда
2162,одежда
2163,нет товара
2164,нет товара
2165,одежда
2166,одежда
2167,нет товара
2168,нет товара
2169,нет товара
2170,нет товара
2171,одежда
2172,одежда
2173,одежда
2174,одежда
2175,одежда
2176,нет товара
2177,одежда
2178,текстиль
2179,одежда
2180,текстиль
2181,нет товара
2182,одежда
2183,текстиль
2184,текстиль
2185,одежда
2186,одежда
2187,одежда
2188,нет товара
2189,одежда
2190,одежда
2191,нет товара
2192,текстиль
2193,нет товара
2194,нет товара
2195,одежда
2196,одежда
2197,обувь
2198,нет товара
2199,одежда
2200,одежда
2201,одежда
2202,одежда
2203,нет товара
2204,одежда
2205,текстиль
2206,электроника
2207,одежда
2208,текстиль
2209,нет товара
2210,нет товара
2211,нет товара
2212,текстиль
2213,нет товара
2214,нет товара
2215,нет товара
2216,нет товара
2217,нет товара
2218,одежда
2219,нет товара
2220,одежда
2221,одежда
2222,нет товара
2223,нет товара
2224,одежда
2225,одежда
2226,одежда
2227,текстиль
2228,одежда
2229,текстиль
2230,одежда
2231,одежда
2232,одежда
2233,нет товара
2234,текстиль
2235,нет товара
2236,одежда
2237,одежда
2238,одежда
2239,текстиль
2240,одежда
2241,нет товара
2242,нет товара
2243,текстиль
2244,нет товара
2245,одежда
2246,текстиль
2247,нет товара
2248,нет товара
2249,текстиль
2250,нет товара
2251,одежда
2252,одежда
2253,посуда
2254,одежда
2255,одежда
2256,одежда
2257,нет товара
2258,одежда
2259,нет товара
2260,одежда
2261,одежда
2262,нет товара
2263,одежда
2264,одежда
2265,одежда
2266,нет товара
2267,текстиль
2268,нет товара
2269,одежда
2270,нет товара
2271,одежда
2272,нет товара
2273,одежда
2274,одежда
2275,одежда
2276,нет товара
2277,текстиль
2278,одежда
2279,одежда
2280,нет товара
2281,одежда
2282,текстиль
2283,одежда
2284,текстиль
2285,нет товара
2286,нет товара
2287,одежда
2288,нет товара
2289,нет товара
2290,одежда
2291,нет товара
2292,обувь
2293,одежда
2294,нет товара
2295,нет товара
2296,нет товара
2297,одежда
2298,нет товара
2299,текстиль
2300,текстиль
2301,нет товара
2302,текстиль
2303,одежда
2304,текстиль
2305,текстиль
2306,одежда
2307,одежда
2308,одежда
2309,одежда
2310,нет товара
2311,текстиль
2312,текстиль
2313,нет товара
2314,текстиль
2315,одежда
2316,текстиль
2317,одежда
2318,текстиль
2319,нет товара
2320,текстиль
2321,текстиль
2322,нет товара
2323,нет товара
2324,текстиль
2325,посуда
2326,нет товара
2327,электроника
2328,нет товара
2329,одежда
2330,одежда
2331,нет товара
2332,одежда
2333,нет товара
2334,нет товара
2335,одежда
2336,текстиль
2337,одежда
2338,одежда
2339,одежда
2340,текстиль
2341,текстиль
2342,нет товара
2343,текстиль
2344,нет товара
2345,одежда
2346,нет товара
2347,нет товара
2348,одежда
2349,одежда
2350,нет товара
2351,нет товара
2352,нет товара
2353,одежда
2354,текстиль
2355,нет товара
2356,посуда
2357,нет товара
2358,текстиль
2359,одежда
2360,нет товара
2361,одежда
2362,нет товара
2363,нет товара
2364,нет товара
2365,нет товара
2366,текстиль
2367,нет товара
2368,одежда
2369,текстиль
2370,нет товара
2371,одежда
2372,одежда
2373,товары для детей
2374,одежда
2375,одежда
2376,одежда
2377,электроника
2378,нет товара
2379,одежда
2380,нет товара
2381,текстиль
2382,нет товара
2383,нет товара
2384,одежда
2385,обувь
2386,нет товара
2387,нет товара
2388,одежда
2389,нет товара
2390,текстиль
2391,одежда
2392,нет товара
2393,одежда
2394,нет товара
2395,посуда
2396,одежда
2397,одежда
2398,текстиль
2399,нет товара
2400,посуда
2401,одежда
2402,нет товара
2403,нет товара
2404,одежда
2405,одежда
2406,нет товара
2407,одежда
2408,одежда
2409,одежда
2410,посуда
2411,одежда
2412,текстиль
2413,нет товара
2414,нет товара
2415,одежда
2416,нет товара
2417,нет товара
2418,одежда
2419,текстиль
2420,нет товара
2421,нет товара
2422,нет товара
2423,одежда
2424,текстиль
2425,одежда
2426,одежда
2427,одежда
2428,нет товара
2429,нет товара
2430,текстиль
2431,текстиль
2432,нет товара
2433,нет товара
2434,одежда
2435,одежда
2436,одежда
2437,нет товара
2438,текстиль
2439,нет товара
2440,одежда
2441,нет товара
2442,электроника
2443,одежда
2444,одежда
2445,нет товара
2446,одежда
2447,нет товара
2448,одежда
2449,нет товара
2450,текстиль
2451,нет товара
2452,одежда
2453,текстиль
2454,одежда
2455,одежда
2456,одежда
2457,нет товара
2458,одежда
2459,нет товара
2460,нет товара
2461,нет товара
2462,одежда
2463,одежда
2464,одежда
2465,одежда
2466,нет товара
2467,нет товара
2468,нет товара
2469,одежда
2470,нет товара
2471,одежда
2472,одежда
2473,одежда
2474,одежда
2475,нет товара
2476,одежда
2477,нет товара
2478,нет товара
2479,текстиль
2480,одежда
2481,нет товара
2482,одежда
2483,нет товара
2484,текстиль
2485,нет товара
2486,нет товара
2487,нет товара
2488,нет товара
2489,текстиль
2490,одежда
2491,одежда
2492,нет товара
2493,нет товара
2494,нет товара
2495,нет товара
2496,одежда
2497,нет товара
2498,текстиль
2499,нет товара
2500,нет товара
2501,одежда
2502,одежда
2503,нет товара
2504,нет товара
2505,нет товара
2506,одежда
2507,текстиль
2508,нет товара
2509,одежда
2510,нет товара
2511,одежда
2512,одежда
2513,одежда
2514,нет товара
2515,нет товара
2516,нет товара
2517,текстиль
2518,одежда
2519,текстиль
2520,одежда
2521,нет товара
2522,нет товара
2523,нет товара
2524,нет товара
2525,текстиль
2526,текстиль
2527,одежда
2528,нет товара
2529,нет товара
2530,обувь
2531,одежда
2532,одежда
2533,текстиль
2534,одежда
2535,нет товара
2536,текстиль
2537,одежда
2538,нет товара
2539,нет товара
2540,текстиль
2541,текстиль
2542,нет товара
2543,одежда
2544,одежда
2545,текстиль
2546,нет товара
2547,одежда
2548,текстиль
2549,одежда
2550,одежда
2551,одежда
2552,одежда
2553,одежда
2554,одежда
2555,одежда
2556,нет товара
2557,текстиль
2558,одежда
2559,текстиль
2560,нет товара
2561,нет товара
2562,нет товара
2563,одежда
2564,текстиль
2565,нет товара
2566,одежда
2567,одежда
2568,одежда
2569,нет товара
2570,нет товара
2571,обувь
2572,нет товара
2573,текстиль
2574,текстиль
2575,нет товара
2576,одежда
2577,нет товара
2578,нет товара
2579,одежда
2580,текстиль
2581,нет товара
2582,нет товара
2583,одежда
2584,текстиль
2585,нет товара
2586,одежда
2587,одежда
2588,текстиль
2589,текстиль
2590,текстиль
2591,текстиль
2592,нет товара
2593,одежда
2594,нет товара
2595,нет товара
2596,нет товара
2597,одежда
2598,одежда
2599,нет товара
2600,одежда
2601,обувь
2602,нет товара
2603,нет товара
2604,нет товара
2605,нет товара
2606,одежда
2607,одежда
2608,нет товара
2609,одежда
2610,текстиль
2611,нет товара
2612,нет товара
2613,нет товара
2614,одежда
2615,нет товара
2616,нет товара
2617,одежда
2618,нет товара
2619,одежда
2620,текстиль
2621,текстиль
2622,одежда
2623,нет товара
2624,нет товара
2625,нет товара
2626,одежда
2627,одежда
2628,одежда
2629,текстиль
2630,нет товара
2631,нет товара
2632,одежда
2633,нет товара
2634,текстиль
2635,текстиль
2636,одежда
2637,одежда
2638,одежда
2639,нет товара
2640,текстиль
2641,нет товара
2642,одежда
2643,текстиль
2644,одежда
2645,одежда
2646,одежда
2647,одежда
2648,нет товара
2649,нет товара
2650,одежда
2651,нет товара
2652,одежда
2653,одежда
2654,текстиль
2655,одежда
2656,текстиль
2657,нет товара
2658,одежда
2659,одежда
2660,обувь
2661,текстиль
2662,нет товара
2663,нет товара
2664,посуда
2665,нет товара
2666,одежда
2667,одежда
2668,одежда
2669,одежда
2670,одежда
2671,одежда
2672,нет товара
2673,нет товара
2674,одежда
2675,одежда
2676,одежда
2677,нет товара
2678,одежда
2679,нет товара
2680,нет товара
2681,одежда
2682,нет товара
2683,нет товара
2684,одежда
2685,текстиль
2686,текстиль
2687,текстиль
2688,одежда
2689,текстиль
2690,одежда
2691,текстиль
2692,нет товара
2693,нет товара
2694,нет товара
2695,одежда
2696,нет товара
2697,одежда
2698,нет товара
2699,одежда
2700,нет товара
2701,одежда
2702,одежда
2703,нет товара
2704,текстиль
2705,нет товара
2706,нет товара
2707,нет товара
2708,нет товара
2709,нет товара
2710,нет товара
2711,текстиль
2712,одежда
2713,нет товара
2714,текстиль
2715,одежда
2716,одежда
2717,нет товара
2718,одежда
2719,одежда
2720,нет товара
2721,одежда
2722,текстиль
2723,нет товара
2724,одежда
2725,одежда
2726,нет товара
2727,одежда
2728,одежда
2729,текстиль
2730,одежда
2731,одежда
2732,одежда
2733,нет товара
2734,текстиль
2735,одежда
2736,одежда
2737,украшения и аксессуары
2738,нет товара
2739,одежда
2740,текстиль
2741,одежда
2742,одежда
2743,одежда
2744,одежда
2745,нет товара
2746,одежда
2747,одежда
2748,нет товара
2749,текстиль
2750,текстиль
2751,одежда
2752,электроника
2753,одежда
2754,текстиль
2755,нет товара
2756,нет товара
2757,текстиль
2758,одежда
2759,одежда
2760,нет товара
2761,одежда
2762,одежда
2763,одежда
2764,текстиль
2765,одежда
2766,одежда
2767,текстиль
2768,нет товара
2769,текстиль
2770,одежда
2771,одежда
2772,обувь
2773,текстиль
2774,одежда
2775,нет товара
2776,одежда
2777,текстиль
2778,текстиль
2779,одежда
2780,текстиль
2781,нет товара
2782,одежда
2783,одежда
2784,одежда
2785,одежда
2786,одежда
2787,одежда
2788,одежда
2789,текстиль
2790,нет товара
2791,одежда
2792,одежда
2793,одежда
2794,нет товара
2795,нет товара
2796,нет товара
2797,одежда
2798,одежда
2799,одежда
2800,нет товара
2801,текстиль
2802,текстиль
2803,одежда
2804,нет товара
2805,одежда
2806,одежда
2807,нет товара
2808,одежда
2809,одежда
2810,нет товара
2811,одежда
2812,одежда
2813,текстиль
2814,нет товара
2815,текстиль
2816,нет товара
2817,нет товара
2818,одежда
2819,нет товара
2820,нет товара
2821,нет товара
2822,одежда
2823,текстиль
2824,одежда
2825,одежда
2826,текстиль
2827,одежда
2828,одежда
2829,одежда
2830,одежда
2831,текстиль
2832,одежда
2833,одежда
2834,одежда
2835,нет товара
2836,одежда
2837,одежда
2838,одежда
2839,нет товара
2840,текстиль
2841,текстиль
2842,нет товара
2843,одежда
2844,одежда
2845,одежда
2846,нет товара
2847,одежда
2848,текстиль
2849,нет товара
2850,одежда
2851,одежда
2852,текстиль
2853,текстиль
2854,одежда
2855,нет товара
2856,нет товара
2857,текстиль
2858,нет товара
2859,текстиль
2860,текстиль
2861,одежда
2862,нет товара
2863,нет товара
2864,нет товара
2865,нет товара
2866,одежда
2867,товары для детей
2868,текстиль
2869,нет товара
2870,одежда
2871,нет товара
2872,нет товара
2873,нет товара
2874,одежда
2875,нет товара
2876,одежда
2877,нет товара
2878,текстиль
2879,нет товара
2880,одежда
2881,одежда
2882,нет товара
2883,одежда
2884,текстиль
2885,товары для детей
2886,текстиль
2887,текстиль
2888,одежда
2889,нет товара
2890,нет товара
2891,одежда
2892,одежда
2893,нет товара
2894,одежда
2895,нет товара
2896,текстиль
2897,нет товара
2898,одежда
2899,одежда
2900,нет товара
2901,нет товара
2902,текстиль
2903,одежда
2904,одежда
2905,одежда
2906,нет товара
2907,одежда
2908,одежда
2909,обувь
2910,одежда
2911,текстиль
2912,одежда
2913,одежда
2914,нет товара
2915,текстиль
2916,нет товара
2917,нет товара
2918,нет товара
2919,нет товара
2920,нет товара
2921,одежда
2922,текстиль
2923,текстиль
2924,текстиль
2925,нет товара
2926,текстиль
2927,нет товара
2928,нет товара
2929,одежда
2930,нет товара
2931,текстиль
2932,текстиль
2933,текстиль
2934,одежда
2935,нет товара
2936,текстиль
2937,нет товара
2938,одежда
2939,нет товара
2940,одежда
2941,нет товара
2942,одежда
2943,нет товара
2944,одежда
2945,одежда
2946,одежда
2947,нет товара
2948,обувь
2949,одежда
2950,текстиль
2951,текстиль
2952,нет товара
2953,нет товара
2954,нет товара
2955,одежда
2956,одежда
2957,одежда
2958,нет товара
2959,нет товара
2960,нет товара
2961,одежда
2962,нет товара
2963,одежда
2964,одежда
2965,одежда
2966,нет товара
2967,одежда
2968,нет товара
2969,текстиль
2970,одежда
2971,обувь
2972,одежда
2973,нет товара
2974,текстиль
2975,нет товара
2976,одежда
2977,одежда
2978,нет товара
2979,нет товара
2980,текстиль
2981,нет товара
2982,текстиль
2983,текстиль
2984,одежда
2985,одежда
2986,одежда
2987,одежда
2988,текстиль
2989,одежда
2990,одежда
2991,одежда
2992,одежда
2993,одежда
2994,одежда
2995,нет товара
2996,украшения и аксессуары
2997,одежда
2998,одежда
2999,одежда
3000,нет товара
3001,текстиль
3002,одежда
3003,одежда
3004,нет товара
3005,нет товара
3006,одежда
3007,нет товара
3008,одежда
3009,текстиль
3010,одежда
3011,текстиль
3012,одежда
3013,одежда
3014,текстиль
3015,текстиль
3016,одежда
3017,одежда
3018,нет товара
3019,одежда
3020,текстиль
3021,нет товара
3022,нет товара
3023,текстиль
3024,одежда
3025,одежда
3026,одежда
3027,нет товара
3028,одежда
3029,одежда
3030,нет товара
3031,нет товара
3032,одежда
3033,одежда
3034,одежда
3035,одежда
3036,текстиль
3037,текстиль
3038,текстиль
3039,одежда
3040,текстиль
3041,одежда
3042,одежда
3043,одежда
3044,посуда
3045,нет товара
3046,одежда
3047,текстиль
3048,одежда
3049,одежда
3050,нет товара
3051,одежда
3052,нет товара
3053,одежда
3054,одежда
3055,нет товара
3056,нет товара
3057,нет товара
3058,текстиль
3059,нет товара
3060,нет товара
3061,одежда
3062,нет товара
3063,нет товара
3064,одежда
3065,одежда
3066,нет товара
3067,нет товара
3068,нет товара
3069,текстиль
3070,текстиль
3071,одежда
3072,текстиль
3073,одежда
3074,текстиль
3075,нет товара
3076,одежда
3077,одежда
3078,нет товара
3079,одежда
3080,одежда
3081,нет товара
3082,текстиль
3083,одежда
3084,нет товара
3085,одежда
3086,одежда
3087,нет товара
3088,одежда
3089,текстиль
3090,текстиль
3091,нет товара
3092,одежда
3093,текстиль
3094,нет товара
3095,одежда
3096,нет товара
3097,нет товара
3098,одежда
3099,одежда
3100,одежда
3101,текстиль
3102,текстиль
3103,нет товара
3104,одежда
3105,нет товара
3106,одежда
3107,нет товара
3108,одежда
3109,нет товара
3110,нет товара
3111,товары для детей
3112,электроника
3113,одежда
3114,одежда
3115,одежда
3116,одежда
3117,нет товара
3118,нет товара
3119,одежда
3120,одежда
3121,одежда
3122,нет товара
3123,нет товара
3124,нет товара
3125,одежда
3126,одежда
3127,нет товара
3128,текстиль
3129,одежда
3130,одежда
3131,текстиль
3132,одежда
3133,одежда
3134,одежда
3135,одежда
3136,нет товара
3137,одежда
3138,текстиль
3139,одежда
3140,нет товара
3141,одежда
3142,одежда
3143,нет товара
3144,нет товара
3145,нет товара
3146,нет товара
3147,нет товара
3148,текстиль
3149,одежда
3150,нет товара
3151,одежда
3152,нет товара
3153,нет товара
3154,одежда
3155,нет товара
3156,текстиль
3157,одежда
3158,одежда
3159,текстиль
3160,нет товара
3161,одежда
3162,нет товара
3163,обувь
3164,нет товара
3165,текстиль
3166,одежда
3167,нет товара
3168,одежда
3169,текстиль
3170,нет товара
3171,одежда
3172,нет товара
3173,текстиль
3174,одежда
3175,нет товара
3176,нет товара
3177,нет товара
3178,текстиль
3179,текстиль
3180,нет товара
3181,нет товара
3182,нет товара
3183,одежда
3184,текстиль
3185,нет товара
3186,нет товара
3187,одежда
3188,нет товара
3189,одежда
3190,одежда
3191,одежда
3192,одежда
3193,одежда
3194,нет товара
3195,текстиль
3196,нет товара
3197,одежда
3198,одежда
3199,нет товара
3200,одежда
3201,нет товара
3202,одежда
3203,одежда
3204,одежда
3205,текстиль
3206,одежда
3207,одежда
3208,нет товара
3209,одежда
3210,одежда
3211,одежда
3212,одежда
3213,текстиль
3214,нет товара
3215,нет товара
3216,текстиль
3217,одежда
3218,одежда
3219,текстиль
3220,одежда
3221,одежда
3222,одежда
3223,нет товара
3224,одежда
3225,одежда
3226,текстиль
3227,одежда
3228,обувь
3229,нет товара
3230,одежда
3231,одежда
3232,одежда
3233,одежда
3234,нет товара
3235,одежда
3236,текстиль
3237,нет товара
3238,нет товара
3239,одежда
3240,нет товара
3241,одежда
3242,одежда
3243,одежда
3244,текстиль
3245,одежда
3246,нет товара
3247,одежда
3248,текстиль
3249,одежда
3250,нет товара
3251,текстиль
3252,одежда
3253,одежда
3254,одежда
3255,одежда
3256,одежда
3257,одежда
3258,одежда
3259,нет товара
3260,нет товара
3261,одежда
3262,одежда
3263,одежда
3264,обувь
3265,текстиль
3266,нет товара
3267,одежда
3268,одежда
3269,нет товара
3270,нет товара
3271,текстиль
3272,одежда
3273,одежда
3274,нет товара
3275,текстиль
3276,нет товара
3277,одежда
3278,нет товара
3279,одежда
3280,текстиль
3281,одежда
3282,текстиль
3283,нет товара
3284,нет товара
3285,текстиль
3286,текстиль
3287,нет товара
3288,нет товара
3289,одежда
3290,одежда
3291,одежда
3292,нет товара
3293,одежда
3294,нет товара
3295,текстиль
3296,текстиль
3297,нет товара
3298,одежда
3299,одежда
3300,товары для детей
3301,нет товара
3302,нет товара
3303,одежда
3304,нет товара
3305,текстиль
3306,нет товара
3307,одежда
3308,нет товара
3309,одежда
3310,одежда
3311,текстиль
3312,посуда
3313,одежда
3314,нет товара
3315,одежда
3316,одежда
3317,текстиль
3318,текстиль
3319,одежда
3320,одежда
3321,текстиль
3322,текстиль
3323,одежда
3324,нет товара
3325,нет товара
3326,одежда
3327,нет товара
3328,одежда
3329,одежда
3330,текстиль
3331,одежда
3332,нет товара
3333,текстиль
3334,одежда
3335,нет товара
3336,одежда
3337,нет товара
3338,одежда
3339,одежда
3340,одежда
3341,одежда
3342,одежда
3343,одежда
3344,одежда
3345,текстиль
3346,одежда
3347,нет товара
3348,нет товара
3349,нет товара
3350,текстиль
3351,нет товара
3352,одежда
3353,текстиль
3354,нет товара
3355,текстиль
3356,нет товара
3357,одежда
3358,одежда
3359,текстиль
3360,нет товара
3361,нет товара
3362,нет товара
3363,посуда
3364,одежда
3365,одежда
3366,нет товара
3367,текстиль
3368,нет товара
3369,нет товара
3370,одежда
3371,нет товара
3372,нет товара
3373,текстиль
3374,одежда
3375,одежда
3376,одежда
3377,одежда
3378,нет товара
3379,нет товара
3380,нет товара
3381,нет товара
3382,текстиль
3383,нет товара
3384,нет товара
3385,одежда
3386,одежда
3387,нет товара
3388,текстиль
3389,товары для детей
3390,нет товара
3391,одежда
3392,одежда
3393,нет товара
3394,одежда
3395,текстиль
3396,одежда
3397,нет товара
3398,текстиль
3399,текстиль
3400,нет товара
3401,одежда
3402,нет товара
3403,одежда
3404,нет товара
3405,нет товара
3406,одежда
3407,одежда
3408,одежда
3409,нет товара
3410,нет товара
3411,текстиль
3412,одежда
3413,обувь
3414,нет товара
3415,одежда
3416,одежда
3417,текстиль
3418,одежда
3419,одежда
3420,текстиль
3421,нет товара
3422,нет товара
3423,нет товара
3424,одежда
3425,одежда
3426,нет товара
3427,одежда
3428,нет товара
3429,нет товара
3430,нет товара
3431,одежда
3432,текстиль
3433,текстиль
3434,одежда
3435,нет товара
3436,нет товара
3437,нет товара
3438,одежда
3439,одежда
3440,украшения и аксессуары
3441,одежда
3442,нет товара
3443,одежда
3444,нет товара
3445,одежда
3446,одежда
3447,одежда
3448,нет товара
3449,нет товара
3450,одежда
3451,нет товара
3452,нет товара
3453,одежда
3454,нет товара
3455,нет товара
3456,нет товара
3457,нет товара
3458,текстиль
3459,нет товара
3460,одежда
3461,одежда
3462,одежда
3463,нет товара
3464,одежда
3465,нет товара
3466,одежда
3467,одежда
3468,нет товара
3469,обувь
3470,одежда
3471,одежда
3472,нет товара
3473,одежда
3474,нет товара
3475,нет товара
3476,текстиль
3477,нет товара
3478,одежда
3479,одежда
3480,одежда
3481,нет товара
3482,текстиль
3483,нет товара
3484,нет товара
3485,одежда
3486,нет товара
3487,одежда
3488,нет товара
3489,нет товара
3490,одежда
3491,нет товара
3492,нет товара
3493,нет товара
3494,нет товара
3495,нет товара
3496,нет товара
3497,одежда
3498,одежда
3499,нет товара
3500,одежда
3501,нет товара
3502,товары для детей
3503,одежда
3504,одежда
3505,одежда
3506,нет товара
3507,одежда
3508,одежда
3509,одежда
3510,одежда
3511,одежда
3512,нет товара
3513,одежда
3514,одежда
3515,одежда
3516,нет товара
3517,текстиль
3518,одежда
3519,одежда
3520,нет товара
3521,одежда
3522,нет товара
3523,одежда
3524,нет товара
3525,одежда
3526,нет товара
3527,нет товара
3528,одежда
3529,нет товара
3530,нет товара
3531,нет товара
3532,текстиль
3533,нет товара
3534,посуда
3535,текстиль
3536,одежда
3537,текстиль
3538,одежда
3539,текстиль
3540,нет товара
3541,нет товара
3542,одежда
3543,текстиль
3544,одежда
3545,одежда
3546,нет товара
3547,нет товара
3548,нет товара
3549,нет товара
3550,одежда
3551,одежда
3552,одежда
3553,нет товара
3554,одежда
3555,нет товара
3556,текстиль
3557,одежда
3558,нет товара
3559,нет товара
3560,одежда
3561,нет товара
3562,одежда
3563,одежда
3564,текстиль
3565,одежда
3566,одежда
3567,одежда
3568,нет товара
3569,одежда
3570,нет товара
3571,одежда
3572,нет товара
3573,одежда
3574,нет товара
3575,одежда
3576,нет товара
3577,нет товара
3578,текстиль
3579,нет товара
3580,обувь
3581,текстиль
3582,одежда
3583,посуда
3584,нет товара
3585,одежда
3586,нет товара
3587,нет товара
3588,украшения и аксессуары
3589,одежда
3590,нет товара
3591,текстиль
3592,одежда
3593,текстиль
3594,обувь
3595,текстиль
3596,нет товара
3597,одежда
3598,одежда
3599,текстиль
3600,одежда
3601,нет товара
3602,нет товара
3603,текстиль
3604,одежда
3605,одежда
3606,одежда
3607,нет товара
3608,текстиль
3609,нет товара
3610,нет товара
3611,нет товара
3612,одежда
3613,нет товара
3614,нет товара
3615,одежда
3616,нет товара
3617,текстиль
3618,нет товара
3619,одежда
3620,одежда
3621,текстиль
3622,одежда
3623,нет товара
3624,нет товара
3625,посуда
3626,одежда
3627,нет товара
3628,текстиль
3629,текстиль
3630,нет товара
3631,одежда
3632,нет товара
3633,одежда
3634,одежда
3635,одежда
3636,нет товара
3637,одежда
3638,нет товара
3639,одежда
3640,нет товара
3641,одежда
3642,текстиль
3643,текстиль
3644,текстиль
3645,одежда
3646,нет товара
3647,нет товара
3648,нет товара
3649,одежда
3650,одежда
3651,одежда
3652,нет товара
3653,нет товара
3654,одежда
3655,одежда
3656,текстиль
3657,одежда
3658,одежда
3659,нет товара
3660,нет товара
3661,одежда
3662,одежда
3663,одежда
3664,одежда
3665,одежда
3666,текстиль
3667,одежда
3668,одежда
3669,одежда
3670,одежда
3671,нет товара
3672,нет товара
3673,одежда
3674,одежда
3675,текстиль
3676,нет товара
3677,одежда
3678,одежда
3679,текстиль
3680,нет товара
3681,текстиль
3682,текстиль
3683,одежда
3684,нет товара
3685,текстиль
3686,текстиль
3687,одежда
3688,нет товара
3689,одежда
3690,нет товара
3691,одежда
3692,одежда
3693,одежда
3694,текстиль
3695,нет товара
3696,одежда
3697,одежда
3698,одежда
3699,одежда
3700,одежда
3701,текстиль
3702,нет товара
3703,нет товара
3704,нет товара
3705,текстиль
3706,текстиль
3707,одежда
3708,одежда
3709,нет товара
3710,нет товара
3711,нет товара
3712,нет товара
3713,нет товара
3714,одежда
3715,одежда
3716,нет товара
3717,одежда
3718,текстиль
3719,нет товара
3720,нет товара
3721,одежда
3722,текстиль
3723,одежда
3724,нет товара
3725,нет товара
3726,одежда
3727,нет товара
3728,одежда
3729,одежда
3730,одежда
3731,нет товара
3732,одежда
3733,нет товара
3734,электроника
3735,текстиль
3736,одежда
3737,одежда
3738,нет товара
3739,одежда
3740,нет товара
3741,одежда
3742,одежда
3743,текстиль
3744,нет товара
3745,текстиль
3746,одежда
3747,одежда
3748,одежда
3749,одежда
3750,нет товара
3751,нет товара
3752,одежда
3753,одежда
3754,обувь
3755,одежда
3756,нет товара
3757,одежда
3758,нет товара
3759,нет товара
3760,нет товара
3761,одежда
3762,текстиль
3763,одежда
3764,текстиль
3765,нет товара
3766,нет товара
3767,нет товара
3768,одежда
3769,одежда
3770,нет товара
3771,текстиль
3772,нет товара
3773,текстиль
3774,нет товара
3775,нет товара
3776,текстиль
3777,нет товара
3778,нет товара
3779,нет товара
3780,нет товара
3781,одежда
3782,нет товара
3783,нет товара
3784,одежда
3785,текстиль
3786,нет товара
3787,одежда
3788,нет товара
3789,нет товара
3790,одежда
3791,одежда
3792,нет товара
3793,одежда
3794,нет товара
3795,одежда
3796,текстиль
3797,нет товара
3798,одежда
3799,нет товара
3800,одежда
3801,нет товара
3802,нет товара
3803,одежда
3804,одежда
3805,одежда
3806,нет товара
3807,нет товара
3808,текстиль
3809,одежда
3810,нет товара
3811,текстиль
3812,одежда
3813,одежда
3814,текстиль
3815,одежда
3816,одежда
3817,нет товара
3818,нет товара
3819,нет товара
3820,одежда
3821,одежда
3822,одежда
3823,одежда
3824,одежда
3825,одежда
3826,одежда
3827,нет товара
3828,текстиль
3829,одежда
3830,нет товара
3831,текстиль
3832,одежда
3833,текстиль
3834,нет товара
3835,текстиль
3836,нет товара
3837,текстиль
3838,нет товара
3839,одежда
3840,текстиль
3841,одежда
3842,одежда
3843,нет товара
3844,одежда
3845,текстиль
3846,нет товара
3847,нет товара
3848,нет товара
3849,нет товара
3850,одежда
3851,одежда
3852,нет товара
3853,одежда
3854,одежда
3855,нет товара
3856,одежда
3857,нет товара
3858,одежда
3859,текстиль
3860,одежда
3861,нет товара
3862,текстиль
3863,нет товара
3864,одежда
3865,нет товара
3866,нет товара
3867,текстиль
3868,нет товара
3869,одежда
3870,одежда
3871,одежда
3872,текстиль
3873,текстиль
3874,текстиль
3875,одежда
3876,текстиль
3877,одежда
3878,нет товара
3879,нет товара
3880,нет товара
3881,нет товара
3882,нет товара
3883,одежда
3884,одежда
3885,нет товара
3886,товары для детей
3887,нет товара
3888,нет товара
3889,нет товара
3890,нет товара
3891,нет товара
3892,одежда
3893,нет товара
3894,нет товара
3895,текстиль
3896,одежда
3897,нет товара
3898,одежда
3899,текстиль
3900,текстиль
3901,одежда
3902,одежда
3903,одежда
3904,одежда
3905,одежда
3906,нет товара
3907,одежда
3908,одежда
3909,нет товара
3910,товары для детей
3911,нет товара
3912,одежда
3913,нет товара
3914,текстиль
3915,одежда
3916,текстиль
3917,электроника
3918,одежда
3919,одежда
3920,одежда
3921,текстиль
3922,нет товара
3923,нет товара
3924,нет товара
3925,одежда
3926,текстиль
3927,одежда
3928,нет товара
3929,одежда
3930,текстиль
3931,нет товара
3932,нет товара
3933,нет товара
3934,нет товара
3935,нет товара
3936,одежда
3937,одежда
3938,текстиль
3939,текстиль
3940,нет товара
3941,нет товара
3942,одежда
3943,одежда
3944,текстиль
3945,одежда
3946,нет товара
3947,посуда
3948,одежда
3949,одежда
3950,текстиль
3951,одежда
3952,текстиль
3953,текстиль
3954,нет товара
3955,нет товара
3956,нет товара
3957,текстиль
3958,нет товара
3959,нет товара
3960,одежда
3961,одежда
3962,нет товара
3963,одежда
3964,нет товара
3965,нет товара
3966,обувь
3967,одежда
3968,нет товара
3969,текстиль
3970,нет товара
3971,одежда
3972,нет товара
3973,нет товара
3974,одежда
3975,одежда
3976,нет товара
3977,текстиль
3978,одежда
3979,одежда
3980,текстиль
3981,текстиль
3982,одежда
3983,одежда
3984,одежда
3985,одежда
3986,нет товара
3987,одежда
3988,текстиль
3989,нет товара
3990,нет товара
3991,нет товара
3992,одежда
3993,текстиль
3994,одежда
3995,текстиль
3996,нет товара
3997,нет товара
3998,нет товара
3999,нет товара
4000,одежда
4001,одежда
4002,одежда
4003,нет товара
4004,текстиль
4005,нет товара
4006,одежда
4007,нет товара
4008,одежда
4009,нет товара
4010,нет товара
4011,одежда
4012,одежда
4013,нет товара
4014,одежда
4015,одежда
4016,одежда
4017,нет товара
4018,одежда
4019,одежда
4020,одежда
4021,одежда
4022,текстиль
4023,одежда
4024,одежда
4025,нет товара
4026,нет товара
4027,нет товара
4028,нет товара
4029,одежда
4030,одежда
4031,одежда
4032,одежда
4033,одежда
4034,одежда
4035,одежда
4036,нет товара
4037,посуда
4038,текстиль
4039,нет товара
4040,нет товара
4041,одежда
4042,одежда
4043,нет товара
4044,нет товара
4045,одежда
4046,текстиль
4047,одежда
4048,одежда
4049,текстиль
4050,текстиль
4051,нет товара
4052,одежда
4053,одежда
4054,одежда
4055,нет товара
4056,нет товара
4057,текстиль
4058,текстиль
4059,нет товара
4060,нет товара
4061,одежда
4062,текстиль
4063,одежда
4064,текстиль
4065,текстиль
4066,нет товара
4067,нет товара
4068,текстиль
4069,текстиль
4070,одежда
4071,нет товара
4072,одежда
4073,нет товара
4074,нет товара
4075,нет товара
4076,одежда
4077,одежда
4078,одежда
4079,одежда
4080,нет товара
4081,нет товара
4082,нет товара
4083,одежда
4084,нет товара
4085,одежда
4086,одежда
4087,одежда
4088,одежда
4089,одежда
4090,одежда
4091,нет товара
4092,нет товара
4093,одежда
4094,одежда
4095,нет товара
4096,нет товара
4097,одежда
4098,одежда
4099,одежда
4100,одежда
4101,одежда
4102,нет товара
4103,нет товара
4104,одежда
4105,нет товара
4106,одежда
4107,текстиль
4108,одежда
4109,одежда
4110,одежда
4111,нет товара
4112,одежда
4113,нет товара
4114,текстиль
4115,нет товара
4116,одежда
4117,одежда
4118,одежда
4119,нет товара
4120,обувь
4121,одежда
4122,нет товара
4123,текстиль
4124,одежда
4125,одежда
4126,одежда
4127,обувь
4128,текстиль
4129,нет товара
4130,нет товара
4131,нет товара
4132,нет товара
4133,текстиль
4134,одежда
4135,одежда
4136,одежда
4137,текстиль
4138,одежда
4139,нет товара
4140,текстиль
4141,одежда
4142,нет товара
4143,нет товара
4144,нет товара
4145,одежда
4146,одежда
4147,нет товара
4148,одежда
4149,одежда
4150,нет товара
4151,одежда
4152,текстиль
4153,одежда
4154,одежда
4155,текстиль
4156,нет товара
4157,одежда
4158,нет товара
4159,нет товара
4160,текстиль
4161,одежда
4162,нет товара
4163,нет товара
4164,нет товара
4165,текстиль
4166,нет товара
4167,текстиль
4168,текстиль
4169,нет товара
4170,нет товара
4171,текстиль
4172,текстиль
4173,одежда
4174,одежда
4175,нет товара
4176,одежда
4177,одежда
4178,одежда
4179,одежда
4180,одежда
4181,текстиль
4182,нет товара
4183,нет товара
4184,одежда
4185,текстиль
4186,нет товара
4187,нет товара
4188,одежда
4189,одежда
4190,одежда
4191,одежда
4192,нет товара
4193,одежда
4194,одежда
4195,одежда
4196,текстиль
4197,одежда
4198,одежда
4199,одежда
4200,текстиль
4201,одежда
4202,одежда
4203,одежда
4204,нет товара
4205,одежда
4206,нет товара
4207,нет товара
4208,одежда
4209,нет товара
4210,текстиль
4211,нет товара
4212,нет товара
4213,нет товара
4214,одежда
4215,нет товара
4216,текстиль
4217,нет товара
4218,одежда
4219,нет товара
4220,одежда
4221,нет товара
4222,одежда
4223,одежда
4224,нет товара
4225,одежда
4226,нет товара
4227,текстиль
4228,одежда
4229,нет товара
4230,одежда
4231,нет товара
4232,одежда
4233,текстиль
4234,текстиль
4235,текстиль
4236,нет товара
4237,нет товара
4238,одежда
4239,одежда
4240,одежда
4241,нет товара
4242,текстиль
4243,товары для детей
4244,одежда
4245,нет товара
4246,одежда
4247,нет товара
4248,одежда
4249,нет товара
4250,одежда
4251,одежда
4252,нет товара
4253,нет товара
4254,нет товара
4255,нет товара
4256,электроника
4257,одежда
4258,текстиль
4259,нет товара
4260,текстиль
4261,одежда
4262,нет товара
4263,нет товара
4264,одежда
4265,одежда
4266,нет товара
4267,нет товара
4268,текстиль
4269,нет товара
4270,одежда
4271,одежда
4272,текстиль
4273,текстиль
4274,нет товара
4275,одежда
4276,текстиль
4277,одежда
4278,текстиль
4279,нет товара
4280,одежда
4281,одежда
4282,нет товара
4283,нет товара
4284,нет товара
4285,нет товара
4286,одежда
4287,нет товара
4288,нет товара
4289,нет товара
4290,одежда
4291,нет товара
4292,нет товара
4293,одежда
4294,одежда
4295,одежда
4296,текстиль
4297,нет товара
4298,нет товара
4299,одежда
4300,одежда
4301,текстиль
4302,одежда
4303,нет товара
4304,одежда
4305,одежда
4306,одежда
4307,текстиль
4308,нет товара
4309,одежда
4310,одежда
4311,текстиль
4312,текстиль
4313,нет товара
4314,текстиль
4315,одежда
4316,нет товара
4317,текстиль
4318,текстиль
4319,одежда
4320,одежда
4321,текстиль
4322,одежда
4323,текстиль
4324,нет товара
4325,одежда
4326,украшения и аксессуары
4327,посуда
4328,одежда
4329,обувь
4330,одежда
4331,украшения и аксессуары
4332,одежда
4333,одежда
4334,одежда
4335,одежда
4336,текстиль
4337,одежда
4338,нет товара
4339,одежда
4340,нет товара
4341,текстиль
4342,нет товара
4343,нет товара
4344,нет товара
4345,нет товара
4346,одежда
4347,текстиль
4348,одежда
4349,одежда
4350,посуда
4351,одежда
4352,нет товара
4353,посуда
4354,нет товара
4355,текстиль
4356,нет товара
4357,одежда
4358,одежда
4359,одежда
4360,нет товара
4361,одежда
4362,нет товара
4363,нет товара
4364,нет товара
4365,одежда
4366,текстиль
4367,нет товара
4368,одежда
4369,одежда
4370,одежда
4371,одежда
4372,нет товара
4373,одежда
4374,нет товара
4375,нет товара
4376,одежда
4377,одежда
4378,нет товара
4379,одежда
4380,нет товара
4381,нет товара
4382,одежда
4383,одежда
4384,одежда
4385,текстиль
4386,текстиль
4387,нет товара
4388,нет товара
4389,одежда
4390,одежда
4391,нет товара
4392,одежда
4393,одежда
4394,текстиль
4395,нет товара
4396,текстиль
4397,нет товара
4398,одежда
4399,нет товара
4400,нет товара
4401,одежда
4402,нет товара
4403,обувь
4404,нет товара
4405,одежда
4406,одежда
4407,нет товара
4408,нет товара
4409,текстиль
4410,одежда
4411,одежда
4412,посуда
4413,текстиль
4414,одежда
4415,текстиль
4416,нет товара
4417,нет товара
4418,нет товара
4419,текстиль
4420,нет товара
4421,нет товара
4422,нет товара
4423,нет товара
4424,нет товара
4425,одежда
4426,нет товара
4427,одежда
4428,текстиль
4429,одежда
4430,одежда
4431,нет товара
4432,одежда
4433,одежда
4434,одежда
4435,текстиль
4436,одежда
4437,одежда
4438,нет товара
4439,текстиль
4440,текстиль
4441,одежда
4442,нет товара
4443,нет товара
4444,одежда
4445,одежда
4446,одежда
4447,одежда
4448,нет товара
4449,одежда
4450,одежда
4451,текстиль
4452,одежда
4453,одежда
4454,одежда
4455,нет товара
4456,нет товара
4457,одежда
4458,текстиль
4459,одежда
4460,текстиль
4461,нет товара
4462,одежда
4463,текстиль
4464,нет товара
4465,нет товара
4466,нет товара
4467,нет товара
4468,одежда
4469,одежда
4470,нет товара
4471,нет товара
4472,нет товара
4473,одежда
4474,нет товара
4475,одежда
4476,одежда
4477,одежда
4478,одежда
4479,одежда
4480,одежда
4481,нет товара
4482,нет товара
4483,нет товара
4484,текстиль
4485,нет товара
4486,текстиль
4487,одежда
4488,одежда
4489,текстиль
4490,одежда
4491,нет товара
4492,текстиль
4493,одежда
4494,одежда
4495,одежда
4496,текстиль
4497,нет товара
4498,одежда
4499,одежда
4500,текстиль
4501,текстиль
4502,нет товара
4503,одежда
4504,текстиль
4505,обувь
4506,одежда
4507,текстиль
4508,текстиль
4509,нет товара
4510,одежда
4511,одежда
4512,одежда
4513,нет товара
4514,нет товара
4515,нет товара
4516,текстиль
4517,одежда
4518,одежда
4519,обувь
4520,нет товара
4521,одежда
4522,текстиль
4523,одежда
4524,нет товара
4525,нет товара
4526,одежда
4527,одежда
4528,нет товара
4529,одежда
4530,нет товара
4531,одежда
4532,одежда
4533,нет товара
4534,одежда
4535,одежда
4536,нет товара
4537,нет товара
4538,одежда
4539,нет товара
4540,одежда
4541,одежда
4542,одежда
4543,одежда
4544,нет товара
4545,текстиль
4546,нет товара
4547,одежда
4548,нет товара
4549,одежда
4550,нет товара
4551,нет товара
4552,нет товара
4553,нет товара
4554,нет товара
4555,одежда
4556,нет товара
4557,нет товара
4558,нет товара
4559,текстиль
4560,нет товара
4561,одежда
4562,текстиль
4563,текстиль
4564,одежда
4565,одежда
4566,одежда
4567,одежда
4568,нет товара
4569,одежда
4570,электроника
4571,одежда
4572,одежда
4573,одежда
4574,одежда
4575,одежда
4576,одежда
4577,одежда
4578,одежда
4579,текстиль
4580,товары для детей
4581,одежда
4582,нет товара
4583,нет товара
4584,нет товара
4585,нет товара
4586,нет товара
4587,нет товара
4588,нет товара
4589,текстиль
4590,нет товара
4591,украшения и аксессуары
4592,одежда
4593,одежда
4594,нет товара
4595,нет товара
4596,текстиль
4597,одежда
4598,одежда
4599,нет товара
4600,нет товара
4601,нет товара
4602,нет товара
4603,нет товара
4604,одежда
4605,одежда
4606,нет товара
4607,нет товара
4608,одежда
4609,одежда
4610,одежда
4611,одежда
4612,нет товара
4613,одежда
4614,обувь
4615,нет товара
4616,одежда
4617,нет товара
4618,одежда
4619,нет товара
4620,нет товара
4621,одежда
4622,одежда
4623,текстиль
4624,нет товара
4625,одежда
4626,одежда
4627,одежда
4628,одежда
4629,нет товара
4630,одежда
4631,нет товара
4632,одежда
4633,одежда
4634,нет товара
4635,одежда
4636,текстиль
4637,одежда
4638,нет товара
4639,одежда
4640,нет товара
4641,одежда
4642,текстиль
4643,одежда
4644,одежда
4645,одежда
4646,нет товара
4647,одежда
4648,нет товара
4649,одежда
4650,текстиль
4651,одежда
4652,одежда
4653,одежда
4654,нет товара
4655,текстиль
4656,одежда
4657,одежда
4658,одежда
4659,одежда
4660,одежда
4661,обувь
4662,одежда
4663,нет товара
4664,текстиль
4665,нет товара
4666,одежда
4667,нет товара
4668,нет товара
4669,одежда
4670,одежда
4671,одежда
4672,одежда
4673,нет товара
4674,нет товара
4675,нет товара
4676,украшения и аксессуары
4677,нет товара
4678,одежда
4679,нет товара
4680,одежда
4681,одежда
4682,текстиль
4683,одежда
4684,одежда
4685,нет товара
4686,одежда
4687,одежда
4688,текстиль
4689,текстиль
4690,нет товара
4691,нет товара
4692,одежда
4693,одежда
4694,одежда
4695,нет товара
4696,текстиль
4697,нет товара
4698,одежда
4699,одежда
4700,одежда
4701,одежда
4702,нет товара
4703,одежда
4704,одежда
4705,нет товара
4706,одежда
4707,текстиль
4708,нет товара
4709,одежда
4710,текстиль
4711,нет товара
4712,одежда
4713,одежда
4714,одежда
4715,текстиль
4716,нет товара
4717,одежда
4718,текстиль
4719,нет товара
4720,нет товара
4721,текстиль
4722,текстиль
4723,одежда
4724,текстиль
4725,одежда
4726,нет товара
4727,нет товара
4728,одежда
4729,нет товара
4730,нет товара
4731,одежда
4732,текстиль
4733,одежда
4734,нет товара
4735,текстиль
4736,текстиль
4737,одежда
4738,текстиль
4739,одежда
4740,одежда
4741,нет товара
4742,одежда
4743,одежда
4744,одежда
4745,одежда
4746,одежда
4747,одежда
4748,одежда
4749,одежда
4750,одежда
4751,нет товара
4752,нет товара
4753,одежда
4754,текстиль
4755,нет товара
4756,текстиль
4757,текстиль
4758,текстиль
4759,одежда
4760,текстиль
4761,нет товара
4762,одежда
4763,текстиль
4764,текстиль
4765,нет товара
4766,одежда
4767,одежда
4768,текстиль
4769,текстиль
4770,одежда
4771,одежда
4772,одежда
4773,одежда
4774,одежда
4775,текстиль
4776,одежда
4777,текстиль
4778,нет товара
4779,одежда
4780,одежда
4781,одежда
4782,одежда
4783,текстиль
4784,текстиль
4785,текстиль
4786,нет товара
4787,одежда
4788,одежда
4789,одежда
4790,текстиль
4791,одежда
4792,нет товара
4793,нет товара
4794,нет товара
4795,текстиль
4796,нет товара
4797,нет товара
4798,одежда
4799,одежда
4800,нет товара
4801,одежда
4802,нет товара
4803,нет товара
4804,одежда
4805,текстиль
4806,текстиль
4807,нет товара
4808,текстиль
4809,одежда
4810,одежда
4811,текстиль
4812,нет товара
4813,нет товара
4814,одежда
4815,одежда
4816,нет товара
4817,текстиль
4818,нет товара
4819,одежда
4820,одежда
4821,одежда
4822,нет товара
4823,нет товара
4824,обувь
4825,одежда
4826,текстиль
4827,текстиль
4828,одежда
4829,одежда
4830,одежда
4831,нет товара
4832,одежда
4833,текстиль
4834,одежда
4835,нет товара
4836,текстиль
4837,одежда
4838,одежда
4839,нет товара
4840,текстиль
4841,нет товара
4842,одежда
4843,текстиль
4844,одежда
4845,нет товара
4846,текстиль
4847,нет товара
4848,нет товара
4849,нет товара
4850,одежда
4851,одежда
4852,одежда
4853,текстиль
4854,текстиль
4855,одежда
4856,текстиль
4857,одежда
4858,одежда
4859,одежда
4860,нет товара
4861,текстиль
4862,текстиль
4863,текстиль
4864,текстиль
4865,текстиль
4866,нет товара
4867,нет товара
4868,одежда
4869,нет товара
4870,одежда
4871,одежда
4872,нет товара
4873,нет товара
4874,одежда
4875,одежда
4876,нет товара
4877,нет товара
4878,текстиль
4879,одежда
4880,текстиль
4881,обувь
4882,текстиль
4883,нет товара
4884,нет товара
4885,текстиль
4886,нет товара
4887,нет товара
4888,одежда
4889,нет товара
4890,текстиль
4891,нет товара
4892,нет товара
4893,одежда
4894,одежда
4895,нет товара
4896,текстиль
4897,текстиль
4898,товары для детей
4899,нет товара
4900,одежда
4901,одежда
4902,текстиль
4903,нет товара
4904,одежда
4905,нет товара
4906,текстиль
4907,текстиль
4908,нет товара
4909,одежда
4910,одежда
4911,нет товара
4912,нет товара
4913,одежда
4914,одежда
4915,текстиль
4916,нет товара
4917,одежда
4918,текстиль
4919,одежда
4920,нет товара
4921,одежда
4922,одежда
4923,одежда
4924,нет товара
4925,нет товара
4926,текстиль
4927,текстиль
4928,текстиль
4929,обувь
4930,обувь
4931,обувь
4932,нет товара
4933,нет товара
4934,нет товара
4935,нет товара
4936,одежда
4937,одежда
4938,одежда
4939,одежда
4940,одежда
4941,одежда
4942,одежда
4943,нет товара
4944,нет товара
4945,одежда
4946,текстиль
4947,одежда
4948,одежда
4949,нет товара
4950,одежда
4951,нет товара
4952,одежда
4953,нет товара
4954,нет товара
4955,одежда
4956,одежда
4957,текстиль
4958,одежда
4959,нет товара
4960,одежда
4961,нет товара
4962,нет товара
4963,текстиль
4964,текстиль
4965,одежда
4966,одежда
4967,одежда
4968,одежда
4969,одежда
4970,нет товара
4971,нет товара
4972,текстиль
4973,нет товара
4974,одежда
4975,одежда
4976,нет товара
4977,одежда
4978,одежда
4979,нет товара
4980,нет товара
4981,одежда
4982,нет товара
4983,текстиль
4984,одежда
4985,одежда
4986,текстиль
4987,нет товара
4988,нет товара
4989,одежда
4990,текстиль
4991,нет товара
4992,текстиль
4993,нет товара
4994,текстиль
4995,нет товара
4996,нет товара
4997,нет товара
4998,нет товара
4999,одежда
5000,нет товара
5001,нет товара
5002,одежда
5003,текстиль
5004,нет товара
5005,одежда
5006,нет товара
5007,одежда
5008,электроника
5009,нет товара
5010,одежда
5011,нет товара
5012,одежда
5013,посуда
5014,нет товара
5015,одежда
5016,одежда
5017,одежда
5018,нет товара
5019,нет товара
5020,товары для детей
5021,обувь
5022,текстиль
5023,нет товара
5024,одежда
5025,одежда
5026,одежда
5027,одежда
5028,одежда
5029,одежда
5030,нет товара
5031,нет товара
5032,одежда
5033,одежда
5034,текстиль
5035,одежда
5036,нет товара
5037,текстиль
5038,нет товара
5039,текстиль
5040,одежда
5041,текстиль
5042,текстиль
5043,нет товара
5044,нет товара
5045,нет товара
5046,текстиль
5047,нет товара
5048,нет товара
5049,одежда
5050,нет товара
5051,нет товара
5052,одежда
5053,текстиль
5054,нет товара
5055,нет товара
5056,одежда
5057,нет товара
5058,нет товара
5059,одежда
5060,одежда
5061,нет товара
5062,текстиль
5063,нет товара
5064,нет товара
5065,текстиль
5066,нет товара
5067,одежда
5068,текстиль
5069,одежда
5070,нет товара
5071,обувь
5072,нет товара
5073,текстиль
5074,одежда
5075,одежда
5076,одежда
5077,одежда
5078,одежда
5079,нет товара
5080,одежда
5081,нет товара
5082,нет товара
5083,одежда
5084,нет товара
5085,одежда
5086,одежда
5087,одежда
5088,нет товара
5089,одежда
5090,нет товара
5091,одежда
5092,одежда
5093,одежда
5094,текстиль
5095,одежда
5096,текстиль
5097,одежда
5098,одежда
5099,текстиль
5100,текстиль
5101,текстиль
5102,одежда
5103,украшения и аксессуары
5104,одежда
5105,одежда
5106,текстиль
5107,одежда
5108,одежда
5109,одежда
5110,текстиль
5111,нет товара
5112,нет товара
5113,одежда
5114,одежда
5115,нет товара
5116,нет товара
5117,одежда
5118,текстиль
5119,одежда
5120,нет товара
5121,нет товара
5122,одежда
5123,текстиль
5124,нет товара
5125,одежда
5126,текстиль
5127,одежда
5128,одежда
5129,одежда
5130,текстиль
5131,текстиль
5132,нет товара
5133,одежда
5134,нет товара
5135,товары для детей
5136,одежда
5137,нет товара
5138,нет товара
5139,одежда
5140,нет товара
5141,нет товара
5142,нет товара
5143,одежда
5144,одежда
5145,текстиль
5146,нет товара
5147,одежда
5148,нет товара
5149,одежда
5150,одежда
5151,обувь
5152,нет товара
5153,текстиль
5154,текстиль
5155,текстиль
5156,текстиль
5157,одежда
5158,одежда
5159,нет товара
5160,одежда
5161,одежда
5162,одежда
5163,одежда
5164,нет товара
5165,текстиль
5166,одежда
5167,нет товара
5168,текстиль
5169,нет товара
5170,одежда
5171,одежда
5172,одежда
5173,электроника
5174,одежда
5175,нет товара
5176,одежда
5177,одежда
5178,одежда
5179,одежда
5180,нет товара
5181,одежда
5182,нет товара
5183,одежда
5184,одежда
5185,нет товара
5186,одежда
5187,нет товара
5188,одежда
5189,одежда
5190,одежда
5191,нет товара
5192,одежда
5193,текстиль
5194,одежда
5195,текстиль
5196,нет товара
5197,одежда
5198,нет товара
5199,одежда
5200,нет товара
5201,одежда
5202,одежда
5203,текстиль
5204,нет товара
5205,одежда
5206,нет товара
5207,одежда
5208,текстиль
5209,нет товара
5210,текстиль
5211,одежда
5212,текстиль
5213,нет товара
5214,одежда
5215,текстиль
5216,одежда
5217,одежда
5218,одежда
5219,одежда
5220,нет товара
5221,нет товара
5222,текстиль
5223,одежда
5224,одежда
5225,нет товара
5226,нет товара
5227,одежда
5228,одежда
5229,нет товара
5230,нет товара
5231,одежда
5232,нет товара
5233,нет товара
5234,одежда
5235,одежда
5236,нет товара
5237,текстиль
5238,текстиль
5239,одежда
5240,текстиль
5241,одежда
5242,текстиль
5243,одежда
5244,нет товара
5245,нет товара
5246,нет товара
5247,нет товара
5248,одежда
5249,одежда
5250,одежда
5251,нет товара
5252,одежда
5253,одежда
5254,одежда
5255,одежда
5256,одежда
5257,нет товара
5258,одежда
5259,нет товара
5260,одежда
5261,одежда
5262,одежда
5263,одежда
5264,нет товара
5265,нет товара
5266,текстиль
5267,нет товара
5268,одежда
5269,одежда
5270,одежда
5271,текстиль
5272,нет товара
5273,нет товара
5274,нет товара
5275,одежда
5276,одежда
5277,одежда
5278,нет товара
5279,одежда
5280,нет товара
5281,одежда
5282,нет товара
5283,одежда
5284,текстиль
5285,текстиль
5286,текстиль
5287,текстиль
5288,нет товара
5289,одежда
5290,одежда
5291,одежда
5292,нет товара
5293,нет товара
5294,нет товара
5295,одежда
5296,нет товара
5297,одежда
5298,текстиль
5299,одежда
5300,одежда
5301,нет товара
5302,одежда
5303,одежда
5304,одежда
5305,одежда
5306,нет товара
5307,текстиль
5308,текстиль
5309,текстиль
5310,нет товара
5311,нет товара
5312,одежда
5313,текстиль
5314,одежда
5315,одежда
5316,посуда
5317,одежда
5318,нет товара
5319,одежда
5320,одежда
5321,текстиль
5322,нет товара
5323,нет товара
5324,одежда
5325,нет товара
5326,одежда
5327,нет товара
5328,нет товара
5329,одежда
5330,одежда
5331,нет товара
5332,нет товара
5333,одежда
5334,одежда
5335,одежда
5336,одежда
5337,текстиль
5338,одежда
5339,нет товара
5340,текстиль
5341,нет товара
5342,одежда
5343,одежда
5344,нет товара
5345,одежда
5346,одежда
5347,нет товара
5348,текстиль
5349,текстиль
5350,нет товара
5351,обувь
5352,одежда
5353,одежда
5354,нет товара
5355,одежда
5356,текстиль
5357,нет товара
5358,одежда
5359,одежда
5360,одежда
5361,одежда
5362,нет товара
5363,одежда
5364,одежда
5365,посуда
5366,посуда
5367,нет товара
5368,одежда
5369,нет товара
5370,нет товара
5371,текстиль
5372,одежда
5373,одежда
5374,одежда
5375,текстиль
5376,одежда
5377,одежда
5378,текстиль
5379,нет товара
5380,одежда
5381,нет товара
5382,одежда
5383,нет товара
5384,одежда
5385,текстиль
5386,одежда
5387,нет товара
5388,текстиль
5389,нет товара
5390,одежда
5391,текстиль
5392,текстиль
5393,одежда
5394,обувь
5395,одежда
5396,нет товара
5397,одежда
5398,одежда
5399,нет товара
5400,нет товара
5401,одежда
5402,одежда
5403,нет товара
5404,нет товара
5405,нет товара
5406,текстиль
5407,одежда
5408,одежда
5409,одежда
5410,нет товара
5411,нет товара
5412,нет товара
5413,одежда
5414,текстиль
5415,одежда
5416,нет товара
5417,одежда
5418,нет товара
5419,одежда
5420,одежда
5421,одежда
5422,одежда
5423,нет товара
5424,одежда
5425,одежда
5426,одежда
5427,одежда
5428,одежда
5429,текстиль
5430,одежда
5431,нет товара
5432,одежда
5433,одежда
5434,одежда
5435,одежда
5436,одежда
5437,нет товара
5438,одежда
5439,нет товара
5440,одежда
5441,одежда
5442,одежда
5443,текстиль
5444,нет товара
5445,нет товара
5446,нет товара
5447,текстиль
5448,одежда
5449,нет товара
5450,текстиль
5451,нет товара
5452,текстиль
5453,нет товара
5454,нет товара
5455,текстиль
5456,нет товара
5457,нет товара
5458,нет товара
5459,текстиль
5460,нет товара
5461,текстиль
5462,одежда
5463,нет товара
5464,нет товара
5465,обувь
5466,нет товара
5467,одежда
5468,текстиль
5469,нет товара
5470,нет товара
5471,одежда
5472,одежда
5473,одежда
5474,нет товара
5475,нет товара
5476,нет товара
5477,одежда
5478,нет товара
5479,одежда
5480,одежда
5481,нет товара
5482,текстиль
5483,нет товара
5484,нет товара
5485,нет товара
5486,нет товара
5487,нет товара
5488,нет товара
5489,одежда
5490,нет товара
5491,текстиль
5492,одежда
5493,нет товара
5494,одежда
5495,одежда
5496,одежда
5497,одежда
5498,нет товара
5499,одежда
5500,одежда
5501,одежда
5502,нет товара
5503,нет товара
5504,нет товара
5505,нет товара
5506,одежда
5507,нет товара
5508,текстиль
5509,нет товара
5510,одежда
5511,нет товара
5512,обувь
5513,нет товара
5514,текстиль
5515,одежда
5516,одежда
5517,текстиль
5518,нет товара
5519,текстиль
5520,одежда
5521,нет товара
5522,нет товара
5523,нет товара
5524,текстиль
5525,одежда
5526,одежда
5527,нет товара
5528,текстиль
5529,нет товара
5530,одежда
5531,одежда
5532,одежда
5533,текстиль
5534,одежда
5535,текстиль
5536,нет товара
5537,текстиль
5538,одежда
5539,одежда
5540,нет товара
5541,одежда
5542,товары для детей
5543,нет товара
5544,текстиль
5545,посуда
5546,нет товара
5547,нет товара
5548,нет товара
5549,одежда
5550,текстиль
5551,текстиль
5552,одежда
5553,одежда
5554,текстиль
5555,одежда
5556,одежда
5557,нет товара
5558,нет товара
5559,текстиль
5560,нет товара
5561,текстиль
5562,одежда
5563,одежда
5564,товары для детей
5565,текстиль
5566,одежда
5567,нет товара
5568,нет товара
5569,нет товара
5570,нет товара
5571,нет товара
5572,нет товара
5573,одежда
5574,нет товара
5575,нет товара
5576,одежда
5577,нет товара
5578,текстиль
5579,одежда
5580,нет товара
5581,нет товара
5582,текстиль
5583,одежда
5584,нет товара
5585,одежда
5586,одежда
5587,нет товара
5588,текстиль
5589,одежда
5590,нет товара
5591,нет товара
5592,одежда
5593,одежда
5594,нет товара
5595,одежда
5596,нет товара
5597,одежда
5598,одежда
5599,одежда
5600,одежда
5601,текстиль
5602,одежда
5603,нет товара
5604,одежда
5605,нет товара
5606,одежда
5607,одежда
5608,нет товара
5609,одежда
5610,одежда
5611,одежда
5612,текстиль
5613,нет товара
5614,нет товара
5615,одежда
5616,одежда
5617,одежда
5618,одежда
5619,одежда
5620,одежда
5621,нет товара
5622,текстиль
5623,одежда
5624,одежда
5625,одежда
5626,нет товара
5627,нет товара
5628,одежда
5629,нет товара
5630,нет товара
5631,текстиль
5632,текстиль
5633,одежда
5634,нет товара
5635,нет товара
5636,нет товара
5637,одежда
5638,нет товара
5639,товары для детей
5640,одежда
5641,посуда
5642,нет товара
5643,одежда
5644,одежда
5645,одежда
5646,текстиль
5647,одежда
5648,нет товара
5649,одежда
5650,одежда
5651,нет товара
5652,одежда
5653,текстиль
5654,нет товара
5655,текстиль
5656,одежда
5657,одежда
5658,одежда
5659,одежда
5660,нет товара
5661,нет товара
5662,текстиль
5663,одежда
5664,одежда
5665,одежда
5666,нет товара
5667,одежда
5668,нет товара
5669,текстиль
5670,одежда
5671,нет товара
5672,одежда
5673,нет товара
5674,нет товара
5675,одежда
5676,нет товара
5677,нет товара
5678,нет товара
5679,одежда
5680,электроника
5681,одежда
5682,нет товара
5683,текстиль
5684,нет товара
5685,одежда
5686,обувь
5687,одежда
5688,одежда
5689,текстиль
5690,одежда
5691,одежда
5692,одежда
5693,посуда
5694,одежда
5695,одежда
5696,нет товара
5697,одежда
5698,нет товара
5699,нет товара
5700,одежда
5701,нет товара
5702,одежда
5703,нет товара
5704,нет товара
5705,одежда
5706,одежда
5707,одежда
5708,нет товара
5709,одежда
5710,одежда
5711,одежда
5712,текстиль
5713,нет товара
5714,нет товара
5715,одежда
5716,нет товара
5717,нет товара
5718,одежда
5719,нет товара
5720,одежда
5721,нет товара
5722,текстиль
5723,обувь
5724,текстиль
5725,нет товара
5726,текстиль
5727,нет товара
5728,текстиль
5729,одежда
5730,одежда
5731,одежда
5732,одежда
5733,нет товара
5734,текстиль
5735,одежда
5736,одежда
5737,текстиль
5738,нет товара
5739,одежда
5740,одежда
5741,нет товара
5742,одежда
5743,нет товара
5744,одежда
5745,товары для детей
5746,одежда
5747,текстиль
5748,одежда
5749,одежда
5750,нет товара
5751,нет товара
5752,нет товара
5753,текстиль
5754,одежда
5755,одежда
5756,одежда
5757,нет товара
5758,одежда
5759,одежда
5760,нет товара
5761,одежда
5762,одежда
5763,нет товара
5764,одежда
5765,одежда
5766,текстиль
5767,одежда
5768,одежда
5769,одежда
5770,нет товара
5771,одежда
5772,текстиль
5773,текстиль
5774,нет товара
5775,нет товара
5776,одежда
5777,нет товара
5778,одежда
5779,текстиль
5780,нет товара
5781,одежда
5782,нет товара
5783,одежда
5784,одежда
5785,товары для детей
5786,одежда
5787,одежда
5788,посуда
5789,текстиль
5790,текстиль
5791,одежда
5792,нет товара
5793,одежда
5794,текстиль
5795,одежда
5796,одежда
5797,текстиль
5798,текстиль
5799,одежда
5800,одежда
5801,одежда
5802,одежда
5803,текстиль
5804,посуда
5805,нет товара
5806,текстиль
5807,текстиль
5808,нет товара
5809,одежда
5810,нет товара
5811,текстиль
5812,одежда
5813,нет товара
5814,одежда
5815,одежда
5816,обувь
5817,текстиль
5818,нет товара
5819,одежда
5820,одежда
5821,одежда
5822,одежда
5823,нет товара
5824,нет товара
5825,одежда
5826,нет товара
5827,нет товара
5828,нет товара
5829,одежда
5830,нет товара
5831,одежда
5832,нет товара
5833,одежда
5834,текстиль
5835,текстиль
5836,посуда
5837,нет товара
5838,нет товара
5839,одежда
5840,одежда
5841,нет товара
5842,нет товара
5843,одежда
5844,текстиль
5845,одежда
5846,текстиль
5847,одежда
5848,текстиль
5849,одежда
5850,нет товара
5851,электроника
5852,текстиль
5853,одежда
5854,одежда
5855,нет товара
5856,нет товара
5857,нет товара
5858,одежда
5859,одежда
5860,текстиль
5861,обувь
5862,нет товара
5863,одежда
5864,одежда
5865,одежда
5866,одежда
5867,одежда
5868,одежда
5869,одежда
5870,одежда
5871,текстиль
5872,нет товара
5873,нет товара
5874,одежда
5875,нет товара
5876,нет товара
5877,нет товара
5878,нет товара
5879,одежда
5880,одежда
5881,текстиль
5882,нет товара
5883,нет товара
5884,текстиль
5885,текстиль
5886,одежда
5887,нет товара
5888,одежда
5889,одежда
5890,нет товара
5891,одежда
5892,нет товара
5893,текстиль
5894,одежда
5895,нет товара
5896,нет товара
5897,одежда
5898,одежда
5899,одежда
5900,нет товара
5901,одежда
5902,одежда
5903,нет товара
5904,одежда
5905,одежда
5906,текстиль
5907,нет товара
5908,одежда
5909,нет товара
5910,нет товара
5911,одежда
5912,нет товара
5913,нет товара
5914,текстиль
5915,нет товара
5916,одежда
5917,нет товара
5918,одежда
5919,одежда
5920,нет товара
5921,нет товара
5922,одежда
5923,нет товара
5924,нет товара
5925,нет товара
5926,одежда
5927,одежда
5928,одежда
5929,одежда
5930,одежда
5931,нет товара
5932,одежда
5933,нет товара
5934,одежда
5935,одежда
5936,одежда
5937,нет товара
5938,одежда
5939,одежда
5940,обувь
5941,нет товара
5942,одежда
5943,нет товара
5944,нет товара
5945,нет товара
5946,одежда
5947,одежда
5948,одежда
5949,одежда
5950,нет товара
5951,нет товара
5952,нет товара
5953,нет товара
5954,одежда
5955,одежда
5956,нет товара
5957,нет товара
5958,нет товара
5959,одежда
5960,нет товара
5961,нет товара
5962,текстиль
5963,нет товара
5964,нет товара
5965,одежда
5966,одежда
5967,нет товара
5968,текстиль
5969,нет товара
5970,одежда
5971,одежда
5972,нет товара
5973,нет товара
5974,нет товара
5975,одежда
5976,текстиль
5977,нет товара
5978,одежда
5979,текстиль
5980,нет товара
5981,одежда
5982,одежда
5983,нет товара
5984,одежда
5985,обувь
5986,текстиль
5987,одежда
5988,одежда
5989,одежда
5990,одежда
5991,нет товара
5992,нет товара
5993,одежда
5994,нет товара
5995,нет товара
5996,нет товара
5997,одежда
5998,нет товара
5999,одежда
6000,текстиль
6001,товары для детей
6002,одежда
6003,одежда
6004,одежда
6005,нет товара
6006,обувь
6007,текстиль
6008,текстиль
6009,одежда
6010,нет товара
6011,нет товара
6012,одежда
6013,нет товара
6014,одежда
6015,одежда
6016,одежда
6017,одежда
6018,нет товара
6019,одежда
6020,нет товара
6021,одежда
6022,одежда
6023,посуда
6024,текстиль
6025,нет товара
6026,одежда
6027,нет товара
6028,одежда
6029,текстиль
6030,одежда
6031,одежда
6032,текстиль
6033,одежда
6034,нет товара
6035,текстиль
6036,нет товара
6037,одежда
6038,одежда
6039,текстиль
6040,одежда
6041,одежда
6042,одежда
6043,нет товара
6044,одежда
6045,одежда
6046,нет товара
6047,обувь
6048,одежда
6049,одежда
6050,нет товара
6051,одежда
6052,одежда
6053,одежда
6054,одежда
6055,одежда
6056,одежда
6057,одежда
6058,нет товара
6059,нет товара
6060,нет товара
6061,нет товара
6062,одежда
6063,одежда
6064,нет товара
6065,нет товара
6066,текстиль
6067,текстиль
6068,нет товара
6069,нет товара
6070,текстиль
6071,текстиль
6072,нет товара
6073,нет товара
6074,одежда
6075,текстиль
6076,одежда
6077,одежда
6078,текстиль
6079,текстиль
6080,нет товара
6081,текстиль
6082,одежда
6083,нет товара
6084,нет товара
6085,текстиль
6086,одежда
6087,одежда
6088,нет товара
6089,нет товара
6090,нет товара
6091,одежда
6092,нет товара
6093,нет товара
6094,одежда
6095,текстиль
6096,одежда
6097,нет товара
6098,нет товара
6099,посуда
6100,одежда
6101,нет товара
6102,нет товара
6103,нет товара
6104,одежда
6105,нет товара
6106,одежда
6107,текстиль
6108,текстиль
6109,нет товара
6110,одежда
6111,нет товара
6112,одежда
6113,одежда
6114,одежда
6115,одежда
6116,нет товара
6117,нет товара
6118,нет товара
6119,одежда
6120,нет товара
6121,текстиль
6122,одежда
6123,нет товара
6124,одежда
6125,нет товара
6126,одежда
6127,одежда
6128,одежда
6129,одежда
6130,текстиль
6131,нет товара
6132,нет товара
6133,нет товара
6134,нет товара
6135,нет товара
6136,нет товара
6137,нет товара
6138,одежда
6139,нет товара
6140,одежда
6141,одежда
6142,одежда
6143,текстиль
6144,одежда
6145,одежда
6146,нет товара
6147,одежда
6148,текстиль
6149,текстиль
6150,одежда
6151,одежда
6152,текстиль
6153,одежда
6154,одежда
6155,одежда
6156,нет товара
6157,нет товара
6158,одежда
6159,одежда
6160,нет товара
6161,одежда
6162,нет товара
6163,текстиль
6164,одежда
6165,нет товара
6166,текстиль
6167,текстиль
6168,текстиль
6169,нет товара
6170,одежда
6171,одежда
6172,одежда
6173,одежда
6174,нет товара
6175,одежда
6176,одежда
6177,нет товара
6178,одежда
6179,одежда
6180,текстиль
6181,одежда
6182,одежда
6183,нет товара
6184,текстиль
6185,нет товара
6186,нет товара
6187,текстиль
6188,одежда
6189,одежда
6190,нет товара
6191,нет товара
6192,одежда
6193,нет товара
6194,одежда
6195,нет товара
6196,нет товара
6197,одежда
6198,одежда
6199,текстиль
6200,текстиль
6201,одежда
6202,нет товара
6203,одежда
6204,нет товара
6205,текстиль
6206,одежда
6207,нет товара
6208,одежда
6209,одежда
6210,нет товара
6211,текстиль
6212,одежда
6213,одежда
6214,товары для детей
6215,одежда
6216,одежда
6217,нет товара
6218,текстиль
6219,одежда
6220,нет товара
6221,посуда
6222,одежда
6223,нет товара
6224,одежда
6225,нет товара
6226,нет товара
6227,одежда
6228,нет товара
6229,нет товара
6230,нет товара
6231,товары для детей
6232,текстиль
6233,одежда
6234,нет товара
6235,нет товара
6236,одежда
6237,нет товара
6238,нет товара
6239,нет товара
6240,одежда
6241,одежда
6242,посуда
6243,нет товара
6244,одежда
6245,текстиль
6246,одежда
6247,текстиль
6248,нет товара
6249,электроника
6250,нет товара
6251,обувь
6252,нет товара
6253,одежда
6254,одежда
6255,одежда
6256,одежда
6257,одежда
6258,нет товара
6259,одежда
6260,одежда
6261,нет товара
6262,одежда
6263,одежда
6264,одежда
6265,одежда
6266,посуда
6267,одежда
6268,нет товара
6269,текстиль
6270,нет товара
6271,одежда
6272,нет товара
6273,одежда
6274,одежда
6275,текстиль
6276,одежда
6277,одежда
6278,нет товара
6279,одежда
6280,нет товара
6281,нет товара
6282,нет товара
6283,нет товара
6284,одежда
6285,нет товара
6286,одежда
6287,одежда
6288,нет товара
6289,одежда
6290,одежда
6291,нет товара
6292,текстиль
6293,одежда
6294,нет товара
6295,текстиль
6296,одежда
6297,нет товара
6298,одежда
6299,текстиль
6300,одежда
6301,текстиль
6302,текстиль
6303,одежда
6304,одежда
6305,нет товара
6306,нет товара
6307,нет товара
6308,нет товара
6309,одежда
6310,нет товара
6311,одежда
6312,одежда
6313,одежда
6314,текстиль
6315,нет товара
6316,одежда
6317,текстиль
6318,нет товара
6319,текстиль
6320,одежда
6321,нет товара
6322,обувь
6323,нет товара
6324,нет товара
6325,нет товара
6326,нет товара
6327,одежда
6328,одежда
6329,одежда
6330,одежда
6331,товары для детей
6332,нет товара
6333,нет товара
6334,нет товара
6335,нет товара
6336,одежда
6337,нет товара
6338,нет товара
6339,нет товара
6340,текстиль
6341,одежда
6342,нет товара
6343,нет товара
6344,одежда
6345,одежда
6346,нет товара
6347,одежда
6348,одежда
6349,текстиль
6350,одежда
6351,нет товара
6352,нет товара
6353,одежда
6354,одежда
6355,текстиль
6356,одежда
6357,нет товара
6358,нет товара
6359,одежда
6360,одежда
6361,одежда
6362,текстиль
6363,нет товара
6364,нет товара
6365,текстиль
6366,одежда
6367,нет товара
6368,одежда
6369,одежда
6370,нет товара
6371,одежда
6372,текстиль
6373,нет товара
6374,одежда
6375,одежда
6376,нет товара
6377,одежда
6378,одежда
6379,нет товара
6380,одежда
6381,текстиль
6382,текстиль
6383,текстиль
6384,товары для детей
6385,одежда
6386,одежда
6387,текстиль
6388,одежда
6389,одежда
6390,одежда
6391,одежда
6392,текстиль
6393,нет товара
6394,одежда
6395,одежда
6396,посуда
6397,одежда
6398,одежда
6399,нет товара
6400,одежда
6401,украшения и аксессуары
6402,одежда
6403,нет товара
6404,нет товара
6405,одежда
6406,одежда
6407,одежда
6408,одежда
6409,одежда
6410,одежда
6411,текстиль
6412,нет товара
6413,текстиль
6414,нет товара
6415,одежда
6416,нет товара
6417,одежда
6418,нет товара
6419,одежда
6420,нет товара
6421,одежда
6422,нет товара
6423,нет товара
6424,нет товара
6425,нет товара
6426,одежда
6427,одежда
6428,обувь
6429,нет товара
6430,одежда
6431,одежда
6432,одежда
6433,одежда
6434,одежда
6435,текстиль
6436,нет товара
6437,обувь
6438,одежда
6439,нет товара
6440,текстиль
6441,одежда
6442,одежда
6443,нет товара
6444,текстиль
6445,одежда
6446,нет товара
6447,одежда
6448,текстиль
6449,одежда
6450,одежда
6451,текстиль
6452,текстиль
6453,нет товара
6454,нет товара
6455,нет товара
6456,текстиль
6457,текстиль
6458,нет товара
6459,одежда
6460,одежда
6461,одежда
6462,одежда
6463,одежда
6464,нет товара
6465,нет товара
6466,одежда
6467,одежда
6468,нет товара
6469,нет товара
6470,текстиль
6471,обувь
6472,нет товара
6473,одежда
6474,одежда
6475,одежда
6476,товары для детей
6477,одежда
6478,одежда
6479,текстиль
6480,одежда
6481,нет товара
6482,посуда
6483,одежда
6484,текстиль
6485,одежда
6486,одежда
6487,нет товара
6488,нет товара
6489,нет товара
6490,текстиль
6491,нет товара
6492,текстиль
6493,одежда
6494,нет товара
6495,одежда
6496,текстиль
6497,нет товара
6498,одежда
6499,одежда
6500,одежда
6501,нет товара
6502,текстиль
6503,одежда
6504,одежда
6505,одежда
6506,одежда
6507,нет товара
6508,текстиль
6509,текстиль
6510,нет товара
6511,одежда
6512,нет товара
6513,нет товара
6514,текстиль
6515,текстиль
6516,текстиль
6517,одежда
6518,нет товара
6519,одежда
6520,одежда
6521,нет товара
6522,одежда
6523,одежда
6524,текстиль
6525,одежда
6526,нет товара
6527,обувь
6528,одежда
6529,текстиль
6530,нет товара
6531,одежда
6532,нет товара
6533,одежда
6534,одежда
6535,нет товара
6536,нет товара
6537,нет товара
6538,одежда
6539,нет товара
6540,текстиль
6541,нет товара
6542,обувь
6543,нет товара
6544,одежда
6545,нет товара
6546,нет товара
6547,нет товара
6548,одежда
6549,посуда
6550,текстиль
6551,одежда
6552,нет товара
6553,текстиль
6554,одежда
6555,обувь
6556,нет товара
6557,одежда
6558,товары для детей
6559,одежда
6560,нет товара
6561,нет товара
6562,нет товара
6563,нет товара
6564,нет товара
6565,текстиль
6566,текстиль
6567,посуда
6568,одежда
6569,нет товара
6570,одежда
6571,нет товара
6572,одежда
6573,одежда
6574,одежда
6575,одежда
6576,одежда
6577,нет товара
6578,одежда
6579,текстиль
6580,нет товара
6581,нет товара
6582,обувь
6583,одежда
6584,нет товара
6585,одежда
6586,одежда
6587,нет товара
6588,текстиль
6589,нет товара
6590,текстиль
6591,одежда
6592,текстиль
6593,нет товара
6594,одежда
6595,нет товара
6596,нет товара
6597,нет товара
6598,одежда
6599,текстиль
6600,нет товара
6601,нет товара
6602,текстиль
6603,текстиль
6604,текстиль
6605,нет товара
6606,одежда
6607,нет товара
6608,нет товара
6609,одежда
6610,нет товара
6611,одежда
6612,нет товара
6613,одежда
6614,одежда
6615,нет товара
6616,нет товара
6617,одежда
6618,одежда
6619,одежда
6620,обувь
6621,одежда
6622,текстиль
6623,нет товара
6624,одежда
6625,одежда
6626,нет товара
6627,текстиль
6628,текстиль
6629,одежда
6630,одежда
6631,одежда
6632,нет товара
6633,текстиль
6634,текстиль
6635,одежда
6636,текстиль
6637,нет товара
6638,нет товара
6639,нет товара
6640,нет товара
6641,нет товара
6642,нет товара
6643,нет товара
6644,одежда
6645,текстиль
6646,одежда
6647,нет товара
6648,одежда
6649,посуда
6650,одежда
6651,одежда
6652,текстиль
6653,одежда
6654,нет товара
6655,одежда
6656,одежда
6657,нет товара
6658,нет товара
6659,одежда
6660,одежда
6661,одежда
6662,нет товара
6663,нет товара
6664,нет товара
6665,одежда
6666,нет товара
6667,нет товара
6668,нет товара
6669,нет товара
6670,нет товара
6671,нет товара
6672,нет товара
6673,товары для детей
6674,одежда
6675,одежда
6676,текстиль
6677,нет товара
6678,одежда
6679,нет товара
6680,одежда
6681,одежда
6682,посуда
6683,одежда
6684,одежда
6685,нет товара
6686,одежда
6687,одежда
6688,одежда
6689,нет товара
6690,одежда
6691,одежда
6692,одежда
6693,обувь
6694,одежда
6695,одежда
6696,нет товара
6697,одежда
6698,нет товара
6699,одежда
6700,одежда
6701,нет товара
6702,одежда
6703,текстиль
6704,текстиль
6705,нет товара
6706,нет товара
6707,одежда
6708,одежда
6709,одежда
6710,нет товара
6711,одежда
6712,одежда
6713,нет товара
6714,одежда
6715,одежда
6716,текстиль
6717,нет товара
6718,одежда
6719,одежда
6720,нет товара
6721,нет товара
6722,одежда
6723,нет товара
6724,одежда
6725,одежда
6726,одежда
6727,нет товара
6728,нет товара
6729,текстиль
6730,одежда
6731,нет товара
6732,нет товара
6733,текстиль
6734,одежда
6735,одежда
6736,текстиль
6737,одежда
6738,одежда
6739,текстиль
6740,нет товара
6741,нет товара
6742,нет товара
6743,нет товара
6744,нет товара
6745,одежда
6746,одежда
6747,нет товара
6748,нет товара
6749,одежда
6750,одежда
6751,текстиль
6752,нет товара
6753,одежда
6754,одежда
6755,одежда
6756,одежда
6757,одежда
6758,одежда
6759,текстиль
6760,одежда
6761,одежда
6762,нет товара
6763,нет товара
6764,нет товара
6765,нет товара
6766,нет товара
6767,одежда
6768,нет товара
6769,нет товара
6770,одежда
6771,текстиль
6772,текстиль
6773,нет товара
6774,одежда
6775,одежда
6776,одежда
6777,одежда
6778,текстиль
6779,одежда
6780,нет товара
6781,одежда
6782,нет товара
6783,текстиль
6784,одежда
6785,одежда
6786,посуда
6787,текстиль
6788,текстиль
6789,одежда
6790,текстиль
6791,одежда
6792,нет товара
6793,одежда
6794,одежда
6795,одежда
6796,одежда
6797,одежда
6798,нет товара
6799,одежда
6800,нет товара
6801,нет товара
6802,текстиль
6803,нет товара
6804,нет товара
6805,одежда
6806,одежда
6807,нет товара
6808,одежда
6809,одежда
6810,текстиль
6811,одежда
6812,одежда
6813,одежда
6814,текстиль
6815,одежда
6816,одежда
6817,одежда
6818,одежда
6819,нет товара
6820,нет товара
6821,текстиль
6822,одежда
6823,текстиль
6824,нет товара
6825,нет товара
6826,текстиль
6827,нет товара
6828,одежда
6829,одежда
6830,одежда
6831,текстиль
6832,нет товара
6833,текстиль
6834,текстиль
6835,нет товара
6836,одежда
6837,одежда
6838,одежда
6839,текстиль
6840,нет товара
6841,текстиль
6842,одежда
6843,нет товара
6844,одежда
6845,одежда
6846,одежда
6847,одежда
6848,одежда
6849,одежда
6850,текстиль
6851,одежда
6852,нет товара
6853,одежда
6854,одежда
6855,нет товара
6856,нет товара
6857,одежда
6858,одежда
6859,одежда
6860,текстиль
6861,одежда
6862,одежда
6863,текстиль
6864,нет товара
6865,нет товара
6866,текстиль
6867,одежда
6868,нет товара
6869,одежда
6870,одежда
6871,одежда
6872,нет товара
6873,одежда
6874,нет товара
6875,одежда
6876,нет товара
6877,текстиль
6878,текстиль
6879,одежда
6880,одежда
6881,посуда
6882,текстиль
6883,одежда
6884,одежда
6885,текстиль
6886,одежда
6887,одежда
6888,одежда
6889,нет товара
6890,нет товара
6891,одежда
6892,одежда
6893,одежда
6894,текстиль
6895,одежда
6896,одежда
6897,текстиль
6898,одежда
6899,нет товара
6900,одежда
6901,текстиль
6902,одежда
6903,одежда
6904,одежда
6905,одежда
6906,одежда
6907,нет товара
6908,одежда
6909,нет товара
6910,текстиль
6911,нет товара
6912,нет товара
6913,нет товара
6914,текстиль
6915,одежда
6916,нет товара
6917,текстиль
6918,одежда
6919,посуда
6920,одежда
6921,нет товара
6922,одежда
6923,одежда
6924,одежда
6925,текстиль
6926,текстиль
6927,нет товара
6928,нет товара
6929,нет товара
6930,текстиль
6931,нет товара
6932,нет товара
6933,нет товара
6934,одежда
6935,нет товара
6936,одежда
6937,одежда
6938,нет товара
6939,одежда
6940,одежда
6941,одежда
6942,одежда
6943,текстиль
6944,одежда
6945,нет товара
6946,текстиль
6947,одежда
6948,текстиль
6949,нет товара
6950,нет товара
6951,одежда
6952,одежда
6953,одежда
6954,текстиль
6955,одежда
6956,нет товара
6957,текстиль
6958,текстиль
6959,одежда
6960,одежда
6961,нет товара
6962,текстиль
6963,текстиль
6964,нет товара
6965,одежда
6966,одежда
6967,нет товара
6968,нет товара
6969,текстиль
6970,нет товара
6971,одежда
6972,текстиль
6973,текстиль
6974,одежда
6975,одежда
6976,текстиль
6977,текстиль
6978,одежда
6979,одежда
6980,одежда
6981,одежда
6982,нет товара
6983,текстиль
6984,одежда
6985,одежда
6986,одежда
6987,одежда
6988,нет товара
6989,одежда
6990,текстиль
6991,одежда
6992,одежда
6993,нет товара
6994,нет товара
6995,одежда
6996,одежда
6997,нет товара
6998,нет товара
6999,одежда
7000,нет товара
7001,текстиль
7002,одежда
7003,одежда
7004,нет товара
7005,текстиль
7006,нет товара
7007,текстиль
7008,одежда
7009,нет товара
7010,текстиль
7011,одежда
7012,нет товара
7013,текстиль
7014,текстиль
7015,нет товара
7016,нет товара
7017,текстиль
7018,посуда
7019,нет товара
7020,нет товара
7021,текстиль
7022,обувь
7023,одежда
7024,одежда
7025,текстиль
7026,одежда
7027,одежда
7028,одежда
7029,одежда
7030,одежда
7031,нет товара
7032,текстиль
7033,нет товара
7034,нет товара
7035,нет товара
7036,одежда
7037,одежда
7038,текстиль
7039,нет товара
7040,одежда
7041,нет товара
7042,текстиль
7043,одежда
7044,одежда
7045,одежда
7046,одежда
7047,одежда
7048,одежда
7049,нет товара
7050,нет товара
7051,одежда
7052,нет товара
7053,товары для детей
7054,нет товара
7055,нет товара
7056,одежда
7057,нет товара
7058,нет товара
7059,текстиль
7060,нет товара
7061,нет товара
7062,нет товара
7063,одежда
7064,одежда
7065,обувь
7066,одежда
7067,одежда
7068,нет товара
7069,нет товара
7070,текстиль
7071,текстиль
7072,нет товара
7073,нет товара
7074,нет товара
7075,нет товара
7076,одежда
7077,нет товара
7078,одежда
7079,одежда
7080,текстиль
7081,нет товара
7082,одежда
7083,текстиль
7084,нет товара
7085,нет товара
7086,нет товара
7087,одежда
7088,одежда
7089,нет товара
7090,нет товара
7091,одежда
7092,одежда
7093,одежда
7094,текстиль
7095,нет товара
7096,одежда
7097,нет товара
7098,одежда
7099,одежда
7100,нет товара
7101,текстиль
7102,текстиль
7103,текстиль
7104,нет товара
7105,одежда
7106,одежда
7107,текстиль
7108,одежда
7109,нет товара
7110,одежда
7111,одежда
7112,одежда
7113,нет товара
7114,текстиль
7115,одежда
7116,одежда
7117,нет товара
7118,нет товара
7119,текстиль
7120,одежда
7121,текстиль
7122,текстиль
7123,одежда
7124,одежда
7125,нет товара
7126,нет товара
7127,одежда
7128,одежда
7129,одежда
7130,нет товара
7131,нет товара
7132,посуда
7133,одежда
7134,одежда
7135,одежда
7136,текстиль
7137,нет товара
7138,одежда
7139,одежда
7140,нет товара
7141,нет товара
7142,текстиль
7143,нет товара
7144,электроника
7145,нет товара
7146,нет товара
7147,нет товара
7148,одежда
7149,текстиль
7150,нет товара
7151,одежда
7152,нет товара
7153,одежда
7154,одежда
7155,одежда
7156,одежда
7157,нет товара
7158,одежда
7159,одежда
7160,нет товара
7161,одежда
7162,одежда
7163,обувь
7164,нет товара
7165,нет товара
7166,одежда
7167,текстиль
7168,нет товара
7169,одежда
7170,нет товара
7171,одежда
7172,нет товара
7173,одежда
7174,одежда
7175,нет товара
7176,нет товара
7177,нет товара
7178,нет товара
7179,нет товара
7180,одежда
7181,текстиль
7182,текстиль
7183,одежда
7184,нет товара
7185,одежда
7186,текстиль
7187,одежда
7188,нет товара
7189,одежда
7190,нет товара
7191,нет товара
7192,одежда
7193,одежда
7194,одежда
7195,одежда
7196,одежда
7197,нет товара
7198,текстиль
7199,одежда
7200,одежда
7201,одежда
7202,нет товара
7203,нет товара
7204,нет товара
7205,нет товара
7206,нет товара
7207,текстиль
7208,товары для детей
7209,одежда
7210,текстиль
7211,одежда
7212,текстиль
7213,одежда
7214,нет товара
7215,текстиль
7216,нет товара
7217,нет товара
7218,одежда
7219,одежда
7220,нет товара
7221,одежда
7222,одежда
7223,нет товара
7224,одежда
7225,одежда
7226,одежда
7227,нет товара
7228,текстиль
7229,нет товара
7230,нет товара
7231,одежда
7232,одежда
7233,электроника
7234,обувь
7235,одежда
7236,нет товара
7237,нет товара
7238,текстиль
7239,одежда
7240,посуда
7241,нет товара
7242,нет товара
7243,одежда
7244,одежда
7245,нет товара
7246,текстиль
7247,текстиль
7248,нет товара
7249,текстиль
7250,нет товара
7251,одежда
7252,одежда
7253,нет товара
7254,нет товара
7255,текстиль
7256,текстиль
7257,текстиль
7258,одежда
7259,одежда
7260,нет товара
7261,нет товара
7262,одежда
7263,текстиль
7264,нет товара
7265,одежда
7266,одежда
7267,одежда
7268,нет товара
7269,одежда
7270,нет товара
7271,одежда
7272,нет товара
7273,одежда
7274,одежда
7275,одежда
